key,section,hu_text,de_text,de_status
objektumorzes:seoTitleHu,meta.title,Élőerős objektumőrzés vállalatoknak | Avenir,Objektschutz vor Ort für Unternehmen | Avenir,translated_draft
objektumorzes:seoDescriptionHu,meta.description,"Objektumőrzés beléptetéssel, járőrözéssel, incidenskezeléssel és riportálással. Helyszínre szabott protokollok vállalati helyszínekre.","Objektschutz mit Zutrittskontrolle, Kontrollgängen, Vorfallbearbeitung und Berichtswesen. Standortspezifische Protokolle für Unternehmensstandorte.",translated_draft
objektumorzes:nameHu,hero.h1,Élőerős objektumőrzés,Objektschutz vor Ort,translated_draft
objektumorzes:valuePropositionHu,hero.subhead,"Helyszínre szabott objektumőrzéssel támogatjuk a telephelyek, irodaházak, logisztikai és ipari helyszínek biztonsági rendjét: beléptetés, kiléptetés, járőrözés, incidenskezelés, szolgálati napló és egyeztetett eszkaláció alapján.","Mit standortgerechtem Objektschutz unterstützen wir die Sicherheitsordnung von Betriebsgeländen, Bürogebäuden, Logistik- und Industriestandorten: auf Basis von Zutritts- und Austrittskontrolle, Kontrollgängen, Vorfallbearbeitung, Dienstbuch und abgestimmter Eskalation.",translated_draft
objektumorzes:PILOT_HU.longDesc.body.0,body.1,"Az élőerős objektumőrzés célja nem pusztán az őri jelenlét biztosítása, hanem a helyszínhez igazított vagyonvédelmi rend kialakítása. Avenir a helyszíni felmérés alapján szolgálati utasítást készít: meghatározza a belépési és kilépési pontokat, a látogatók és beszállítók kezelését, a járőrútvonalakat, a kulcskezelési szabályokat, az incidensek dokumentálását és az eszkalációs rendet.","Ziel des Objektschutzes vor Ort ist nicht allein die Präsenz von Sicherheitspersonal, sondern der Aufbau einer auf den Standort zugeschnittenen Sicherheitsordnung. Auf Grundlage einer Begehung vor Ort erstellt Avenir eine Dienstanweisung: Sie legt die Zutritts- und Austrittspunkte, den Umgang mit Besuchern und Lieferanten, die Routen der Kontrollgänge, die Regeln der Schlüsselverwaltung, die Dokumentation von Vorfällen und die Eskalationsordnung fest.",translated_draft
objektumorzes:PILOT_HU.longDesc.body.1,body.2,"A szolgálat összekapcsolható a megrendelő meglévő kamerarendszerével, beléptető rendszerével vagy riasztási folyamatával. A cél, hogy a megrendelő ne csak jelenlétet kapjon, hanem visszakövethető működést: szolgálati naplóval, eseményjelentéssel, rendszeres egyeztetéssel és kijelölt felelős kapcsolattartóval.","Der Dienst kann mit dem vorhandenen Kamerasystem, der Zutrittskontrollanlage oder dem Alarmprozess des Auftraggebers verknüpft werden. Ziel ist, dass der Auftraggeber nicht nur Präsenz erhält, sondern einen nachvollziehbaren Betrieb: mit Dienstbuch, Ereignisberichten, regelmäßiger Abstimmung und einem benannten verantwortlichen Ansprechpartner.",translated_draft
objektumorzes:PILOT_HU.longDesc.body.2,body.3,"A vagyonőri jelenlét a helyszín kockázati profiljához és a szerződéses igényhez igazodik: fegyver nélküli, vagy a jogszabályi feltételek teljesülése esetén fegyveres vagyonőri szolgáltatás is kialakítható. Az Avenir a szolgáltatást az alkalmazandó magyar személy- és vagyonvédelmi szabályozási keret szerint nyújtja.",Die Präsenz des Sicherheitspersonals richtet sich nach dem Risikoprofil des Standorts und dem vertraglichen Bedarf: Es kann ein unbewaffneter oder — bei Erfüllung der gesetzlichen Voraussetzungen — ein bewaffneter Sicherheitsdienst eingerichtet werden. Avenir erbringt die Leistung nach dem anwendbaren ungarischen Regulierungsrahmen für Personen- und Vermögensschutz.,legal_review_required
objektumorzes:hu.serviceDetail.useCasesEyebrow,useCases.eyebrow,KINEK AJÁNLJUK,EMPFOHLEN FÜR,translated_draft
objektumorzes:hu.serviceDetail.useCasesTitle,useCases.title,Kinek jó,Für wen geeignet,translated_draft
objektumorzes:PILOT_HU.useCases.0,useCases.0,"Logisztikai központok, raktárak és teherkapus helyszínek","Logistikzentren, Lager und Standorte mit Lkw-Toren",translated_draft
objektumorzes:PILOT_HU.useCases.1,useCases.1,Ipari és gyártási telephelyek,Industrie- und Produktionsstandorte,translated_draft
objektumorzes:PILOT_HU.useCases.2,useCases.2,Irodaházak és üzleti központok,Bürogebäude und Businesscenter,translated_draft
objektumorzes:PILOT_HU.useCases.3,useCases.3,Kiskereskedelmi és bevásárlóközponti környezet,Einzelhandels- und Einkaufszentrumsumgebungen,translated_draft
objektumorzes:PILOT_HU.useCases.4,useCases.4,"Építési, átmeneti vagy fokozott kockázatú helyszínek",Baustellen sowie temporäre oder erhöht risikobehaftete Standorte,translated_draft
objektumorzes:hu.serviceDetail.includedEyebrow,included.eyebrow,TARTALOM,LEISTUNGSUMFANG,translated_draft
objektumorzes:hu.serviceDetail.includedTitle,included.title,Mit tartalmaz,Was enthalten ist,translated_draft
objektumorzes:PILOT_HU.includedItems.0,includedItems.0,Beléptetési és kiléptetési rend támogatása,Unterstützung der Zutritts- und Austrittsordnung,translated_draft
objektumorzes:PILOT_HU.includedItems.1,includedItems.1,"Látogató-, beszállító- és kulcskezelés","Besucher-, Lieferanten- und Schlüsselverwaltung",translated_draft
objektumorzes:PILOT_HU.includedItems.2,includedItems.2,"Járőrözés, ellenőrzési pontok és területbejárás","Kontrollgänge, Kontrollpunkte und Geländebegehung",translated_draft
objektumorzes:PILOT_HU.includedItems.3,includedItems.3,Incidensek rögzítése és eszkalációja,Erfassung und Eskalation von Vorfällen,translated_draft
objektumorzes:PILOT_HU.includedItems.4,includedItems.4,Szolgálati napló és egyeztetett riportálás,Dienstbuch und abgestimmtes Berichtswesen,translated_draft
objektumorzes:PILOT_HU.includedItems.5,includedItems.5,Helyszíni biztonsági felmérés és protokoll-javaslat,Sicherheitsbegehung vor Ort und Protokollvorschlag,translated_draft
objektumorzes:PILOT_HU.includedItems.6,includedItems.6,"Kapcsolódás meglévő kamerarendszerhez, beléptetőhöz vagy riasztási folyamathoz, ha a helyszín ezt igényli","Anbindung an vorhandene Kamera-, Zutrittskontroll- oder Alarmprozesse, sofern der Standort dies erfordert",translated_draft
objektumorzes:hu.serviceDetail.processEyebrow,process.eyebrow,FOLYAMAT,ABLAUF,translated_draft
objektumorzes:hu.serviceDetail.processTitle,process.title,Hogyan indul az együttműködés,So startet die Zusammenarbeit,translated_draft
objektumorzes:PILOT_HU.processSteps.0.title,processSteps.0.title,Első egyeztetés és igényfelmérés,Erstabstimmung und Bedarfsaufnahme,translated_draft
objektumorzes:PILOT_HU.processSteps.0.body,processSteps.0.body,"A megkeresésre 2 munkanapon belül visszajelzünk, majd rögzítjük az őrzési célt, a helyszín típusát, az időszakot és az elsődleges kockázati pontokat.","Wir melden uns innerhalb von 2 Arbeitstagen auf Ihre Anfrage und erfassen anschließend das Schutzziel, den Standorttyp, den Zeitraum und die wichtigsten Risikopunkte.",translated_draft
objektumorzes:PILOT_HU.processSteps.1.title,processSteps.1.title,Helyszíni felmérés és kockázati pontok áttekintése,Begehung vor Ort und Überblick über die Risikopunkte,translated_draft
objektumorzes:PILOT_HU.processSteps.1.body,processSteps.1.body,A helyszíni bejárás és az alapvető kockázati áttekintés jellemzően 1–3 munkanapon belül megszervezhető.,Die Begehung vor Ort und die grundlegende Risikoübersicht lassen sich in der Regel innerhalb von 1–3 Arbeitstagen organisieren.,translated_draft
objektumorzes:PILOT_HU.processSteps.2.title,processSteps.2.title,"Belépési, kilépési, járőrözési és eszkalációs rend kialakítása","Festlegung der Zutritts-, Austritts-, Kontrollgang- und Eskalationsordnung",translated_draft
objektumorzes:PILOT_HU.processSteps.2.body,processSteps.2.body,"Meghatározzuk a belépési pontokat, a látogatói és beszállítói folyamatot, a járőrútvonalakat és az incidensek jelzési rendjét.","Wir legen die Zutrittspunkte, den Besucher- und Lieferantenprozess, die Routen der Kontrollgänge und die Meldeordnung für Vorfälle fest.",translated_draft
objektumorzes:PILOT_HU.processSteps.3.title,processSteps.3.title,Szolgálati utasítás és riportálási folyamat rögzítése,Festschreibung der Dienstanweisung und des Berichtsprozesses,translated_draft
objektumorzes:PILOT_HU.processSteps.3.body,processSteps.3.body,"Írásban rögzítjük, mit kell dokumentálni, milyen rendszerességű riport készül, és kik kapnak értesítést eltérés vagy incidens esetén.","Wir halten schriftlich fest, was zu dokumentieren ist, in welchem Rhythmus berichtet wird und wer bei Abweichungen oder Vorfällen benachrichtigt wird.",translated_draft
objektumorzes:PILOT_HU.processSteps.4.title,processSteps.4.title,Vagyonőri jelenlét megszervezése,Organisation der Präsenz des Sicherheitspersonals,translated_draft
objektumorzes:PILOT_HU.processSteps.4.body,processSteps.4.body,"A fegyver nélküli vagy fegyveres vagyonőri jelenlétet a szerződéses igény, a jogi feltételek és a helyszín kockázati profilja alapján szervezzük meg.","Die unbewaffnete oder bewaffnete Präsenz des Sicherheitspersonals organisieren wir auf Grundlage des vertraglichen Bedarfs, der rechtlichen Voraussetzungen und des Risikoprofils des Standorts.",legal_review_required
objektumorzes:PILOT_HU.processSteps.5.title,processSteps.5.title,"Rendszeres kapcsolattartás, riportálás és finomhangolás","Regelmäßige Abstimmung, Berichtswesen und Feinjustierung",translated_draft
objektumorzes:PILOT_HU.processSteps.5.body,processSteps.5.body,"A működés közben a szolgálati tapasztalatokat, visszatérő eseményeket és riportokat a kijelölt kapcsolattartóval egyeztetjük.","Im laufenden Betrieb stimmen wir die Erfahrungen aus dem Dienst, wiederkehrende Ereignisse und die Berichte mit dem benannten Ansprechpartner ab.",translated_draft
objektumorzes:hu.serviceDetail.trustEyebrow,trust.eyebrow,MIÉRT BÍZHAT BENNÜNK,WARUM SIE UNS VERTRAUEN KÖNNEN,translated_draft
objektumorzes:hu.serviceDetail.trustTitle,trust.title,Bizalmi elemek,Vertrauenselemente,translated_draft
objektumorzes:PILOT_HU.trustItems.0.title,trustItems.0.title,24/7 diszpécseri háttér,24/7-Leitstelle im Hintergrund,translated_draft
objektumorzes:PILOT_HU.trustItems.0.body,trustItems.0.body,Az objektumőrzési működés 24/7 diszpécseri háttérrel támogatható; az értesítési és eszkalációs rendet az együttműködés elején rögzítjük.,Der Objektschutzbetrieb kann durch eine 24/7-Leitstelle unterstützt werden; die Benachrichtigungs- und Eskalationsordnung legen wir zu Beginn der Zusammenarbeit fest.,translated_draft
objektumorzes:PILOT_HU.trustItems.1.title,trustItems.1.title,Szolgálati napló és eseménykezelés,Dienstbuch und Ereignisbearbeitung,translated_draft
objektumorzes:PILOT_HU.trustItems.1.body,trustItems.1.body,"Szolgálati napló, eseményrögzítés, egyeztetett riportálás és eszkalációs rend segíti a helyszíni kontrollt.","Dienstbuch, Ereigniserfassung, abgestimmtes Berichtswesen und Eskalationsordnung unterstützen die Kontrolle vor Ort.",translated_draft
objektumorzes:PILOT_HU.trustItems.2.title,trustItems.2.title,Egy felelős kapcsolattartó,Ein verantwortlicher Ansprechpartner,translated_draft
objektumorzes:PILOT_HU.trustItems.2.body,trustItems.2.body,"A napi működéshez kijelölt felelős kapcsolattartót adunk, így a megrendelő nem különálló szereplők között egyeztet.","Für den laufenden Betrieb stellen wir einen benannten verantwortlichen Ansprechpartner, sodass der Auftraggeber nicht zwischen getrennten Akteuren koordinieren muss.",translated_draft
objektumorzes:PILOT_HU.trustItems.3.title,trustItems.3.title,ISO 9001 és ISO 27001,ISO 9001 und ISO 27001,translated_draft
objektumorzes:PILOT_HU.trustItems.3.body,trustItems.3.body,"A szolgálati folyamatokat az Avenir ISO 9001 és ISO 27001 tanúsított irányítási rendszerei támogatják, amennyiben az adott folyamatok a tanúsított működési körbe tartoznak.","Die Dienstprozesse werden durch die nach ISO 9001 und ISO 27001 zertifizierten Managementsysteme von Avenir unterstützt, sofern die betreffenden Prozesse in den zertifizierten Geltungsbereich fallen.",translated_draft
objektumorzes:PILOT_HU.trustItems.4.title,trustItems.4.title,Dokumentált helyszíni bevezetés,Dokumentierte Standorteinführung,translated_draft
objektumorzes:PILOT_HU.trustItems.4.body,trustItems.4.body,"A szolgálati utasítás a szolgálat indítása előtt rögzítésre kerül, és a felelős kapcsolattartóval egyeztetjük; tartalmazza a belépési pontokat, járőrútvonalakat, kulcskezelést, incidensrögzítést és eszkalációt.","Die Dienstanweisung wird vor Dienstbeginn festgeschrieben und mit dem verantwortlichen Ansprechpartner abgestimmt; sie umfasst Zutrittspunkte, Kontrollgangrouten, Schlüsselverwaltung, Vorfallerfassung und Eskalation.",translated_draft
objektumorzes:PILOT_HU.trustItems.5.title,trustItems.5.title,Vagyonvédelmi engedély,Genehmigung für Sicherheitsdienstleistungen,translated_draft
objektumorzes:PILOT_HU.trustItems.5.body,trustItems.5.body,Az Avenir az alkalmazandó magyar személy- és vagyonvédelmi szabályozási keret szerint nyújtja a szolgáltatást; az engedélyezési dokumentáció a szerződéses előkészítés során egyeztethető.,Avenir erbringt die Leistung nach dem anwendbaren ungarischen Regulierungsrahmen für Personen- und Vermögensschutz; die Genehmigungsdokumentation kann im Rahmen der Vertragsvorbereitung abgestimmt werden.,legal_review_required
objektumorzes:hu.serviceDetail.faqEyebrow,faq.eyebrow,GYAKORI KÉRDÉSEK,HÄUFIGE FRAGEN,translated_draft
objektumorzes:hu.serviceDetail.faqTitle,faq.title,Mit kérdeznek leggyakrabban,Was am häufigsten gefragt wird,translated_draft
objektumorzes:PILOT_HU.faq.0.q,faq.0.q,Mit tartalmaz az objektumőrzés?,Was umfasst der Objektschutz?,translated_draft
objektumorzes:PILOT_HU.faq.0.a,faq.0.a,"Az objektumőrzés a helyszín igényei szerint magában foglalhatja a beléptetést és kiléptetést, a látogatók és beszállítók kezelését, a járőrözést, a kulcskezelési szabályokat, az incidensek rögzítését, a szolgálati naplót és az egyeztetett riportálást.","Der Objektschutz kann je nach Bedarf des Standorts die Zutritts- und Austrittskontrolle, den Umgang mit Besuchern und Lieferanten, Kontrollgänge, Regeln der Schlüsselverwaltung, die Erfassung von Vorfällen, das Dienstbuch und ein abgestimmtes Berichtswesen umfassen.",translated_draft
objektumorzes:PILOT_HU.faq.1.q,faq.1.q,Mikor szükséges helyszíni biztonsági felmérés?,Wann ist eine Sicherheitsbegehung vor Ort sinnvoll?,translated_draft
objektumorzes:PILOT_HU.faq.1.a,faq.1.a,"Helyszíni biztonsági felmérés különösen akkor hasznos, ha új objektumot kell őrizni, változik a beléptetési rend, nő a teherforgalom, visszatérő incidensek vannak, vagy a meglévő őrzési és technikai folyamatokat szeretnék átláthatóbbá tenni.","Eine Sicherheitsbegehung vor Ort ist besonders dann sinnvoll, wenn ein neues Objekt zu schützen ist, sich die Zutrittsordnung ändert, der Lieferverkehr zunimmt, wiederkehrende Vorfälle auftreten oder die bestehenden Schutz- und Technikprozesse transparenter gestaltet werden sollen.",translated_draft
objektumorzes:PILOT_HU.faq.2.q,faq.2.q,Milyen szerződéses formában érdemes indítani az objektumőrzést?,In welcher Vertragsform sollte der Objektschutz starten?,translated_draft
objektumorzes:PILOT_HU.faq.2.a,faq.2.a,"A megfelelő modell a helyszín méretétől, kockázati profiljától, nyitvatartásától, belépési pontjaitól, járőrözési igényétől, incidenskezelési rendjétől és riportálási elvárásaitól függ. Ezeket az indulás előtt érdemes rögzíteni, hogy a szolgálat a helyszín valós működéséhez igazodjon.","Das passende Modell hängt von der Größe des Standorts, dem Risikoprofil, den Öffnungszeiten, den Zutrittspunkten, dem Bedarf an Kontrollgängen, der Vorfallbearbeitung und den Berichtsanforderungen ab. Diese sollten vor dem Start festgelegt werden, damit sich der Dienst am tatsächlichen Betrieb des Standorts orientiert.",translated_draft
objektumorzes:PILOT_HU.faq.3.q,faq.3.q,Hogyan történik a látogatók és beszállítók beléptetése?,Wie erfolgt die Zutrittskontrolle für Besucher und Lieferanten?,translated_draft
objektumorzes:PILOT_HU.faq.3.a,faq.3.a,"A beléptetési rendet a helyszíni felmérés alapján alakítjuk ki. Meghatározható, ki, mikor, milyen jogosultsággal léphet be, hogyan történik a vendégregisztráció, a beszállítói beléptetés, a teherforgalom kezelése és a kiléptetés dokumentálása.","Die Zutrittsordnung gestalten wir auf Grundlage der Begehung vor Ort. Festgelegt werden kann, wer wann mit welcher Berechtigung Zutritt erhält, wie die Besucherregistrierung, die Zufahrt von Lieferanten, die Abwicklung des Lieferverkehrs und die Dokumentation des Austritts erfolgen.",translated_draft
objektumorzes:PILOT_HU.faq.4.q,faq.4.q,Összeköthető az őrzés kamerarendszerrel vagy beléptető rendszerrel?,Lässt sich der Objektschutz mit Kamera- oder Zutrittskontrollsystemen verbinden?,translated_draft
objektumorzes:PILOT_HU.faq.4.a,faq.4.a,"Igen, ahol erre lehetőség van, az élőerős őrzés összehangolható meglévő kamerarendszerhez, beléptető rendszerhez, riasztási folyamathoz vagy távfelügyeleti működéshez. Így az őri jelenlét és a technikai vagyonvédelem egymást erősítheti.","Ja, wo dies möglich ist, kann der Objektschutz mit vorhandenen Kamerasystemen, Zutrittskontrollanlagen, Alarmprozessen oder einer Fernüberwachung abgestimmt werden. So können personelle Präsenz und technische Sicherheit einander verstärken.",translated_draft
objektumorzes:PILOT_HU.faq.5.q,faq.5.q,Fegyveres őrzés is kérhető?,Ist auch ein bewaffneter Dienst möglich?,translated_draft
objektumorzes:PILOT_HU.faq.5.a,faq.5.a,"A helyszín kockázati profiljától, a szerződéses igénytől és a jogi feltételek teljesülésétől függően fegyver nélküli vagy fegyveres vagyonőri jelenlét is kialakítható.","Abhängig vom Risikoprofil des Standorts, dem vertraglichen Bedarf und der Erfüllung der rechtlichen Voraussetzungen kann eine unbewaffnete oder bewaffnete Präsenz des Sicherheitspersonals eingerichtet werden.",legal_review_required
objektumorzes:PILOT_HU.faq.6.q,faq.6.q,Rendelkezik az Avenir a szükséges vagyonvédelmi engedéllyel?,Verfügt Avenir über die erforderliche Genehmigung für Sicherheitsdienstleistungen?,translated_draft
objektumorzes:PILOT_HU.faq.6.a,faq.6.a,Igen. Az élőerős objektumőrzés az alkalmazandó magyar személy- és vagyonvédelmi szabályozási keret szerint történik. Az engedélyre és a vagyonőri állomány engedélyezési dokumentációjára vonatkozó információk a szerződéses előkészítés során egyeztethetők.,Ja. Der Objektschutz vor Ort erfolgt nach dem anwendbaren ungarischen Regulierungsrahmen für Personen- und Vermögensschutz. Informationen zur Genehmigung und zur Genehmigungsdokumentation des Sicherheitspersonals können im Rahmen der Vertragsvorbereitung abgestimmt werden.,legal_review_required
objektumorzes:PILOT_HU.faq.7.q,faq.7.q,Van-e 24/7 háttértámogatás?,Gibt es eine 24/7-Unterstützung im Hintergrund?,translated_draft
objektumorzes:PILOT_HU.faq.7.a,faq.7.a,"Igen, az objektumőrzési szolgáltatás 24/7 diszpécseri háttérrel támogatható, az eszkalációs és értesítési rendet pedig az együttműködés elején rögzítjük.","Ja, der Objektschutz kann durch eine 24/7-Leitstelle unterstützt werden; die Eskalations- und Benachrichtigungsordnung legen wir zu Beginn der Zusammenarbeit fest.",translated_draft
objektumorzes:PILOT_HU.faq.8.q,faq.8.q,Mi történik incidens esetén?,Was geschieht bei einem Vorfall?,translated_draft
objektumorzes:PILOT_HU.faq.8.a,faq.8.a,"Az incidenskezelést egyeztetett eszkalációs rend alapján alakítjuk ki. Ez meghatározza, milyen eseményt kell rögzíteni, kit kell értesíteni, milyen sorrendben történik a jelzés, és hogyan kerül dokumentálásra az eset.","Die Vorfallbearbeitung gestalten wir auf Grundlage einer abgestimmten Eskalationsordnung. Diese legt fest, welche Ereignisse zu erfassen sind, wer zu benachrichtigen ist, in welcher Reihenfolge gemeldet wird und wie der Fall dokumentiert wird.",translated_draft
objektumorzes:PILOT_HU.faq.9.q,faq.9.q,Kapunk-e szolgálati naplót vagy incidensriportot?,Erhalten wir ein Dienstbuch oder einen Vorfallbericht?,translated_draft
objektumorzes:PILOT_HU.faq.9.a,faq.9.a,"Igen, a szolgáltatás része lehet szolgálati napló, eseményrögzítés és egyeztetett riportálás. A pontos riportformátumot az együttműködés elején rögzítjük, hogy a megrendelő naprakész információt kapjon a helyszíni működésről.","Ja, Bestandteil der Leistung können Dienstbuch, Ereigniserfassung und ein abgestimmtes Berichtswesen sein. Das genaue Berichtsformat legen wir zu Beginn der Zusammenarbeit fest, damit der Auftraggeber stets aktuelle Informationen über den Betrieb vor Ort erhält.",translated_draft
objektumorzes:hu.serviceDetail.relatedEyebrow,related.eyebrow,MÉG AZ AVENIRTŐL,WEITERES VON AVENIR,translated_draft
objektumorzes:hu.serviceDetail.relatedTitle,related.title,Kapcsolódó szolgáltatások,Verwandte Leistungen,translated_draft
objektumorzes:related.0.portaszolgalat.nameHu,related.0.title,Recepciós és portaszolgálat,Empfangs- und Pförtnerdienst,translated_draft
objektumorzes:related.0.portaszolgalat.shortDescHu,related.0.description,"Recepciós és portaszolgálat látogatók, beszállítók, munkatársak, kulcsok, csomagok, naplózás és egyeztetett eszkaláció kezelésére.","Empfangs- und Pförtnerdienst für Besucher, Lieferanten, Mitarbeiter, Schlüssel, Pakete, Protokollierung und abgestimmte Eskalation.",translated_draft
objektumorzes:related.1.biztonsagtechnika.nameHu,related.1.title,Biztonságtechnika,Sicherheitstechnik,translated_draft
objektumorzes:related.1.biztonsagtechnika.shortDescHu,related.1.description,"Biztonságtechnika kamerarendszerhez, beléptetéshez és riasztási folyamatokhoz, helyszínre szabott biztonsági modellbe illesztve, adatvédelmi szempontokat beépítő technikai tervezéssel.","Sicherheitstechnik für Kamerasysteme, Zutrittskontrolle und Alarmprozesse, eingebettet in ein standortgerechtes Sicherheitsmodell, mit technischer Planung, die Datenschutzaspekte einbezieht.",translated_draft
objektumorzes:related.2.tavfelugyelet-vonuloszolgalat.nameHu,related.2.title,Távfelügyelet és vonulószolgálat,Fernüberwachung und Interventionsdienst,translated_draft
objektumorzes:related.2.tavfelugyelet-vonuloszolgalat.shortDescHu,related.2.description,"Távfelügyelet és vonulószolgálat jelzésfogadással, riasztás-verifikációval, eszkalációval, eseménynaplózással és egyeztetett reagálási folyamattal.","Fernüberwachung und Interventionsdienst mit Alarmempfang, Alarmverifikation, Eskalation, Ereignisprotokollierung und abgestimmtem Reaktionsprozess.",translated_draft
objektumorzes:related.3.mystery-shopping-helyszini-audit.nameHu,related.3.title,Próbavásárlás és szolgáltatásaudit,Mystery Shopping und Serviceaudit,translated_draft
objektumorzes:related.3.mystery-shopping-helyszini-audit.shortDescHu,related.3.description,"Próbavásárlás és szolgáltatásaudit valós ügyfél- és működési helyzetekben, strukturált megfigyeléssel, riportálással és fejlesztési javaslatokkal.","Mystery Shopping und Serviceaudit in realen Kunden- und Betriebssituationen, mit strukturierter Beobachtung, Berichtswesen und Verbesserungsempfehlungen.",translated_draft
objektumorzes:related.4.rendezvenybiztositas.nameHu,related.4.title,Rendezvénybiztosítás,Veranstaltungssicherheit,translated_draft
objektumorzes:related.4.rendezvenybiztositas.shortDescHu,related.4.description,"Rendezvénybiztosítás vállalati, zártkörű és nyilvános eseményekre, beléptetéssel, közönségáramlás-támogatással, zónakezeléssel, incidensrögzítéssel és szervezői eszkalációval.","Veranstaltungssicherheit für Firmen-, geschlossene und öffentliche Veranstaltungen, mit Zutrittskontrolle, Unterstützung der Besucherströme, Zonenmanagement, Vorfallerfassung und Eskalation an die Veranstaltungsleitung.",translated_draft
objektumorzes:serviceDetail.hero.cta,cta.hero,Ajánlatkérés,Angebot anfordern,translated_draft
objektumorzes:SERVICE_QUOTE_COPY.hu.button,cta.embedded.collapsedButton,Ajánlatkérés,Angebot anfordern,translated_draft
portaszolgalat:seoTitleHu,meta.title,Recepciós és portaszolgálat vállalatoknak | Avenir,Empfangs- und Pförtnerdienst für Unternehmen | Avenir,translated_draft
portaszolgalat:seoDescriptionHu,meta.description,"Portaszolgálat beléptetéssel, vendégkezeléssel, kulcskezeléssel és naplózott napi folyamattal irodaházaknak és vállalati helyszíneknek.","Pförtnerdienst mit Zutrittskontrolle, Besuchermanagement, Schlüsselverwaltung und protokolliertem Tagesablauf für Bürogebäude und Unternehmensstandorte.",translated_draft
portaszolgalat:nameHu,hero.h1,Recepciós és portaszolgálat,Empfangs- und Pförtnerdienst,translated_draft
portaszolgalat:valuePropositionHu,hero.subhead,"A recepciós és portaszolgálat az első működési pont, ahol a látogatók, beszállítók, munkatársak és bérlők találkoznak a helyszín szabályaival. Avenir célja, hogy ez a pont rendezett, udvarias, visszakövethető és biztonsági szempontból következetes legyen.","Der Empfangs- und Pförtnerdienst ist der erste Betriebspunkt, an dem Besucher, Lieferanten, Mitarbeiter und Mieter auf die Regeln des Standorts treffen. Ziel von Avenir ist, dass dieser Punkt geordnet, zuvorkommend, nachvollziehbar und sicherheitsseitig konsequent funktioniert.",translated_draft
portaszolgalat:PILOT_HU.longDesc.body.0,body.1,"A portaszolgálat nem egyszerű jelenlét a bejáratnál: a napi működés egyik legfontosabb kontrollpontja. A szolgáltatás a helyszín igényei szerint támogathatja a látogatók fogadását, a vendégregisztrációt, a beszállítók és alvállalkozók beléptetését, a kulcskezelést, a csomagok átvételét, az információadást és a rendkívüli események jelzését.","Der Pförtnerdienst ist keine bloße Präsenz am Eingang, sondern einer der wichtigsten Kontrollpunkte des täglichen Betriebs. Die Leistung kann je nach Bedarf des Standorts den Empfang von Besuchern, die Besucherregistrierung, die Zutrittskontrolle von Lieferanten und Nachunternehmern, die Schlüsselverwaltung, die Annahme von Paketen, die Auskunftserteilung und die Meldung außergewöhnlicher Ereignisse unterstützen.",translated_draft
portaszolgalat:PILOT_HU.longDesc.body.1,body.2,"Avenir a helyszíni felmérés alapján rögzíti a portaszolgálati és recepciós protokollt: ki léphet be, milyen jogosultsággal, milyen dokumentáció mellett, mikor szükséges értesítés, és milyen eseményt kell naplózni vagy eszkalálni. Látogató- és beléptetési adatok kezelésekor a célhoz kötöttség, az időben korlátozott megőrzés és a megfelelő tájékoztatás szempontjai is részei a porta- és recepciós folyamatnak.","Auf Grundlage einer Begehung vor Ort legt Avenir das Pförtner- und Empfangsprotokoll fest: wer mit welcher Berechtigung und mit welcher Dokumentation Zutritt erhält, wann eine Benachrichtigung erforderlich ist und welche Ereignisse zu protokollieren oder zu eskalieren sind. Bei der Verarbeitung von Besucher- und Zutrittsdaten sind auch die Zweckbindung, die zeitlich begrenzte Aufbewahrung und die angemessene Information Bestandteil des Empfangs- und Pförtnerprozesses.",legal_review_required
portaszolgalat:PILOT_HU.longDesc.body.2,body.3,"A portaszolgálat kapcsolódhat élőerős objektumőrzéshez, beléptető rendszerhez, kamerarendszerhez vagy belső üzemeltetési folyamathoz. A megrendelő egyértelmű szolgálati keretet kap: szolgálati naplóval, egyeztetett riportálással és kijelölt felelős kapcsolattartóval.","Der Pförtnerdienst kann an den Objektschutz vor Ort, an Zutrittskontroll- oder Kamerasysteme oder an interne Betriebsprozesse angebunden werden. Der Auftraggeber erhält einen klaren Dienstrahmen: mit Dienstbuch, abgestimmtem Berichtswesen und einem benannten verantwortlichen Ansprechpartner.",translated_draft
portaszolgalat:hu.serviceDetail.useCasesEyebrow,useCases.eyebrow,KINEK AJÁNLJUK,EMPFOHLEN FÜR,translated_draft
portaszolgalat:hu.serviceDetail.useCasesTitle,useCases.title,Kinek jó,Für wen geeignet,translated_draft
portaszolgalat:PILOT_HU.useCases.0,useCases.0,Irodaházak és üzleti központok recepciós működése,Empfangsbetrieb von Bürogebäuden und Businesscentern,translated_draft
portaszolgalat:PILOT_HU.useCases.1,useCases.1,Logisztikai és ipari telephelyek porta- és beléptetési pontjai,Pforten- und Zutrittspunkte von Logistik- und Industriestandorten,translated_draft
portaszolgalat:PILOT_HU.useCases.2,useCases.2,"Bérlői, munkatársi és látogatói forgalmat kezelő helyszínek","Standorte mit Mieter-, Mitarbeiter- und Besucherverkehr",translated_draft
portaszolgalat:PILOT_HU.useCases.3,useCases.3,"Beszállítói, futár- és teherforgalommal érintett objektumok","Objekte mit Lieferanten-, Kurier- und Lieferverkehr",translated_draft
portaszolgalat:PILOT_HU.useCases.4,useCases.4,"Olyan vállalati helyszínek, ahol fontos a rendezett első benyomás és a szabályozott beléptetés","Unternehmensstandorte, an denen ein geordneter erster Eindruck und eine geregelte Zutrittskontrolle wichtig sind",translated_draft
portaszolgalat:hu.serviceDetail.includedEyebrow,included.eyebrow,TARTALOM,LEISTUNGSUMFANG,translated_draft
portaszolgalat:hu.serviceDetail.includedTitle,included.title,Mit tartalmaz,Was enthalten ist,translated_draft
portaszolgalat:PILOT_HU.includedItems.0,includedItems.0,Látogatók és vendégek fogadása,Empfang von Besuchern und Gästen,translated_draft
portaszolgalat:PILOT_HU.includedItems.1,includedItems.1,Vendégregisztráció és beléptetési rend támogatása,Besucherregistrierung und Unterstützung der Zutrittsordnung,translated_draft
portaszolgalat:PILOT_HU.includedItems.2,includedItems.2,"Beszállítók, futárok és alvállalkozók kezelése","Betreuung von Lieferanten, Kurieren und Nachunternehmern",translated_draft
portaszolgalat:PILOT_HU.includedItems.3,includedItems.3,Kulcskezelési és kiadási szabályok követése,Einhaltung der Regeln für Schlüsselverwaltung und -ausgabe,translated_draft
portaszolgalat:PILOT_HU.includedItems.4,includedItems.4,Csomagátvétel és információtovábbítás egyeztetett rend szerint,Paketannahme und Informationsweitergabe nach abgestimmter Ordnung,translated_draft
portaszolgalat:PILOT_HU.includedItems.5,includedItems.5,"Szolgálati napló, eseményrögzítés és riportálás","Dienstbuch, Ereigniserfassung und Berichtswesen",translated_draft
portaszolgalat:PILOT_HU.includedItems.6,includedItems.6,"Kapcsolódás beléptető rendszerhez vagy belső üzemeltetési folyamathoz, ha a helyszín ezt igényli","Anbindung an Zutrittskontrollsysteme oder interne Betriebsprozesse, sofern der Standort dies erfordert",translated_draft
portaszolgalat:hu.serviceDetail.processEyebrow,process.eyebrow,FOLYAMAT,ABLAUF,translated_draft
portaszolgalat:hu.serviceDetail.processTitle,process.title,Hogyan indul az együttműködés,So startet die Zusammenarbeit,translated_draft
portaszolgalat:PILOT_HU.processSteps.0.title,processSteps.0.title,Első egyeztetés és működési igényfelmérés,Erstabstimmung und Aufnahme des Betriebsbedarfs,translated_draft
portaszolgalat:PILOT_HU.processSteps.0.body,processSteps.0.body,"A megkeresésre 2 munkanapon belül visszajelzünk, majd rögzítjük a helyszín típusát, a látogatói forgalmat, a portapontok számát és a kapcsolódó biztonsági vagy üzemeltetési elvárásokat.","Wir melden uns innerhalb von 2 Arbeitstagen auf Ihre Anfrage und erfassen anschließend den Standorttyp, das Besucheraufkommen, die Anzahl der Pfortenpunkte und die zugehörigen Sicherheits- oder Betriebsanforderungen.",translated_draft
portaszolgalat:PILOT_HU.processSteps.1.title,processSteps.1.title,Helyszíni bejárás és forgalmi pontok áttekintése,Begehung vor Ort und Überblick über die Verkehrspunkte,translated_draft
portaszolgalat:PILOT_HU.processSteps.1.body,processSteps.1.body,"Áttekintjük a bejáratokat, recepciós vagy portapontokat, beléptetési helyzeteket, kulcskezelési igényeket és a rendszeres beszállítói vagy vendégforgalmat.","Wir prüfen die Eingänge, Empfangs- und Pfortenpunkte, Zutrittssituationen, den Bedarf an Schlüsselverwaltung sowie den regelmäßigen Lieferanten- und Besucherverkehr.",translated_draft
portaszolgalat:PILOT_HU.processSteps.2.title,processSteps.2.title,Portaszolgálati és recepciós protokoll kialakítása,Gestaltung des Pförtner- und Empfangsprotokolls,translated_draft
portaszolgalat:PILOT_HU.processSteps.2.body,processSteps.2.body,"Meghatározzuk a vendégfogadás, beléptetés, kulcskiadás, csomagátvétel, értesítés és eseményrögzítés napi rendjét.","Wir legen den Tagesablauf für Gästeempfang, Zutrittskontrolle, Schlüsselausgabe, Paketannahme, Benachrichtigung und Ereigniserfassung fest.",translated_draft
portaszolgalat:PILOT_HU.processSteps.3.title,processSteps.3.title,Szolgálati utasítás és riportálási rend rögzítése,Festschreibung der Dienstanweisung und der Berichtsordnung,translated_draft
portaszolgalat:PILOT_HU.processSteps.3.body,processSteps.3.body,"Írásban rögzítjük a dokumentálandó eseményeket, a riportformátumot, az eszkalációs pontokat és a kijelölt kapcsolattartókat.","Wir halten schriftlich fest, welche Ereignisse zu dokumentieren sind, in welchem Format berichtet wird, wo die Eskalationspunkte liegen und wer als Ansprechpartner benannt ist.",translated_draft
portaszolgalat:PILOT_HU.processSteps.4.title,processSteps.4.title,Személyzet megszervezése és betanítás,Organisation des Personals und Einarbeitung,translated_draft
portaszolgalat:PILOT_HU.processSteps.4.body,processSteps.4.body,"A szolgálatot a szerződéses igények, a helyszíni protokoll és a napi forgalom alapján szervezzük meg, betanítással és indulási egyeztetéssel.","Den Dienst organisieren wir auf Grundlage der vertraglichen Anforderungen, des Standortprotokolls und des täglichen Verkehrsaufkommens, mit Einarbeitung und Abstimmung zum Start.",translated_draft
portaszolgalat:PILOT_HU.processSteps.5.title,processSteps.5.title,Rendszeres egyeztetés és finomhangolás,Regelmäßige Abstimmung und Feinjustierung,translated_draft
portaszolgalat:PILOT_HU.processSteps.5.body,processSteps.5.body,"A működési tapasztalatokat, visszatérő kérdéseket és riportokat a kijelölt felelős kapcsolattartóval egyeztetjük.","Die Betriebserfahrungen, wiederkehrenden Fragen und Berichte stimmen wir mit dem benannten verantwortlichen Ansprechpartner ab.",translated_draft
portaszolgalat:hu.serviceDetail.trustEyebrow,trust.eyebrow,MIÉRT BÍZHAT BENNÜNK,WARUM SIE UNS VERTRAUEN KÖNNEN,translated_draft
portaszolgalat:hu.serviceDetail.trustTitle,trust.title,Bizalmi elemek,Vertrauenselemente,translated_draft
portaszolgalat:PILOT_HU.trustItems.0.title,trustItems.0.title,Napi szolgálati rend és naplózás,Tägliche Dienstordnung und Protokollierung,translated_draft
portaszolgalat:PILOT_HU.trustItems.0.body,trustItems.0.body,"Szolgálati napló, vendégkezelési rend, eseményrögzítés és egyeztetett riportálás segíti a portaszolgálati kontrollt.","Dienstbuch, Besuchermanagement, Ereigniserfassung und abgestimmtes Berichtswesen unterstützen die Kontrolle des Pförtnerdienstes.",translated_draft
portaszolgalat:PILOT_HU.trustItems.1.title,trustItems.1.title,Kijelölt felelős kapcsolattartó,Benannter verantwortlicher Ansprechpartner,translated_draft
portaszolgalat:PILOT_HU.trustItems.1.body,trustItems.1.body,"A megrendelő egy felelős kapcsolattartóval egyeztethet a napi működésről, a riportokról és a szükséges protokoll-módosításokról.","Der Auftraggeber stimmt sich mit einem verantwortlichen Ansprechpartner über den laufenden Betrieb, die Berichte und notwendige Protokollanpassungen ab.",translated_draft
portaszolgalat:PILOT_HU.trustItems.2.title,trustItems.2.title,24/7 diszpécseri háttér,24/7-Leitstelle im Hintergrund,translated_draft
portaszolgalat:PILOT_HU.trustItems.2.body,trustItems.2.body,A portaszolgálati működés 24/7 diszpécseri háttérrel támogatható; az értesítési és eszkalációs rendet az együttműködés elején rögzítjük.,Der Pförtnerbetrieb kann durch eine 24/7-Leitstelle unterstützt werden; die Benachrichtigungs- und Eskalationsordnung legen wir zu Beginn der Zusammenarbeit fest.,translated_draft
portaszolgalat:PILOT_HU.trustItems.3.title,trustItems.3.title,ISO 9001 és ISO 27001,ISO 9001 und ISO 27001,translated_draft
portaszolgalat:PILOT_HU.trustItems.3.body,trustItems.3.body,"A szolgálati folyamatokat az Avenir ISO 9001 és ISO 27001 tanúsított irányítási rendszerei támogatják, amennyiben az adott folyamatok a tanúsított működési körbe tartoznak.","Die Dienstprozesse werden durch die nach ISO 9001 und ISO 27001 zertifizierten Managementsysteme von Avenir unterstützt, sofern die betreffenden Prozesse in den zertifizierten Geltungsbereich fallen.",translated_draft
portaszolgalat:PILOT_HU.trustItems.4.title,trustItems.4.title,Látogatóadat-kezelési szempontok figyelembevétele,Berücksichtigung der Besucherdaten-Aspekte,translated_draft
portaszolgalat:PILOT_HU.trustItems.4.body,trustItems.4.body,"A látogatói és beléptetési adatok kezelésekor figyelembe kell venni a célhoz kötöttséget, a tájékoztatást és az időben korlátozott megőrzést.","Bei der Verarbeitung von Besucher- und Zutrittsdaten sind die Zweckbindung, die Information der Betroffenen und die zeitlich begrenzte Aufbewahrung zu berücksichtigen.",legal_review_required
portaszolgalat:PILOT_HU.trustItems.5.title,trustItems.5.title,Vendégfogadás és beléptetési kontroll egy folyamatban,Gästeempfang und Zutrittskontrolle in einem Ablauf,translated_draft
portaszolgalat:PILOT_HU.trustItems.5.body,trustItems.5.body,"A recepciós és portaszolgálati protokollok az udvarias látogatókezelést kontrollált beléptetéssel, eszkalációval és riportálással kapcsolják össze, így a front-of-house működés és a biztonsági rutinok ugyanazon helyszíni szabályok szerint működnek.","Die Empfangs- und Pförtnerprotokolle verbinden den zuvorkommenden Umgang mit Besuchern mit kontrollierter Zutrittskontrolle, Eskalation und Berichtswesen, sodass der Empfangsbetrieb und die Sicherheitsroutinen denselben Standortregeln folgen.",translated_draft
portaszolgalat:hu.serviceDetail.faqEyebrow,faq.eyebrow,GYAKORI KÉRDÉSEK,HÄUFIGE FRAGEN,translated_draft
portaszolgalat:hu.serviceDetail.faqTitle,faq.title,Mit kérdeznek leggyakrabban,Was am häufigsten gefragt wird,translated_draft
portaszolgalat:PILOT_HU.faq.0.q,faq.0.q,Mit tartalmaz a recepciós és portaszolgálat?,Was umfasst der Empfangs- und Pförtnerdienst?,translated_draft
portaszolgalat:PILOT_HU.faq.0.a,faq.0.a,"A szolgáltatás a helyszín igényei szerint tartalmazhat vendégfogadást, vendégregisztrációt, beléptetési támogatást, beszállítók és futárok kezelését, kulcskezelést, csomagátvételt, szolgálati naplót és egyeztetett riportálást.","Die Leistung kann je nach Bedarf des Standorts den Gästeempfang, die Besucherregistrierung, die Unterstützung der Zutrittskontrolle, die Betreuung von Lieferanten und Kurieren, die Schlüsselverwaltung, die Paketannahme, das Dienstbuch und ein abgestimmtes Berichtswesen umfassen.",translated_draft
portaszolgalat:PILOT_HU.faq.1.q,faq.1.q,Mikor érdemes portaszolgálati felmérést kérni?,Wann ist eine Aufnahme des Pförtnerdienstes vor Ort sinnvoll?,translated_draft
portaszolgalat:PILOT_HU.faq.1.a,faq.1.a,"A felmérés akkor különösen hasznos, ha nő a látogatói vagy beszállítói forgalom, változik a beléptetési rend, több szereplő használja ugyanazt az objektumot, vagy rendezettebb naplózásra és felelősségi rendre van szükség.","Die Aufnahme ist besonders dann sinnvoll, wenn das Besucher- oder Lieferantenaufkommen zunimmt, sich die Zutrittsordnung ändert, mehrere Parteien dasselbe Objekt nutzen oder eine geordnetere Protokollierung und Verantwortungsstruktur benötigt wird.",translated_draft
portaszolgalat:PILOT_HU.faq.2.q,faq.2.q,Miben különbözik a portaszolgálat az objektumőrzéstől?,Worin unterscheidet sich der Pförtnerdienst vom Objektschutz?,translated_draft
portaszolgalat:PILOT_HU.faq.2.a,faq.2.a,"A portaszolgálat elsősorban a bejárati, recepciós és napi forgalomkezelési pontokra koncentrál, míg az objektumőrzés szélesebb vagyonvédelmi jelenlétet, járőrözést és incidenskezelést is jelenthet. A két szolgáltatás szükség esetén összehangolható.","Der Pförtnerdienst konzentriert sich vor allem auf die Eingangs-, Empfangs- und täglichen Verkehrspunkte, während der Objektschutz eine breitere Sicherheitspräsenz mit Kontrollgängen und Vorfallbearbeitung bedeuten kann. Beide Leistungen lassen sich bei Bedarf aufeinander abstimmen.",translated_draft
portaszolgalat:PILOT_HU.faq.3.q,faq.3.q,Kezelhető-e a beszállítói és futárforgalom?,Kann der Lieferanten- und Kurierverkehr abgewickelt werden?,translated_draft
portaszolgalat:PILOT_HU.faq.3.a,faq.3.a,"Igen, a beszállítói, futár- és alvállalkozói beléptetés rendjét a helyszíni felmérés alapján alakítjuk ki. Meghatározható, milyen adatokat kell rögzíteni, kit kell értesíteni, és hogyan történjen a ki- és beléptetés naplózása.","Ja, die Ordnung für die Zutrittskontrolle von Lieferanten, Kurieren und Nachunternehmern gestalten wir auf Grundlage der Begehung vor Ort. Festgelegt werden kann, welche Daten zu erfassen sind, wer zu benachrichtigen ist und wie Ein- und Austritt protokolliert werden.",translated_draft
portaszolgalat:PILOT_HU.faq.4.q,faq.4.q,Van-e kulcskezelés?,Gibt es eine Schlüsselverwaltung?,translated_draft
portaszolgalat:PILOT_HU.faq.4.a,faq.4.a,"Igen, a szolgáltatás része lehet kulcskezelési rend követése, kulcskiadás és kulcsvisszavétel rögzítése. A pontos szabályokat az együttműködés elején, helyszínre szabottan rögzítjük.","Ja, Bestandteil der Leistung können die Einhaltung der Schlüsselordnung sowie die Erfassung von Schlüsselausgabe und -rücknahme sein. Die genauen Regeln legen wir zu Beginn der Zusammenarbeit standortspezifisch fest.",translated_draft
portaszolgalat:PILOT_HU.faq.5.q,faq.5.q,Összeköthető-e beléptető rendszerrel?,Ist eine Anbindung an Zutrittskontrollsysteme möglich?,translated_draft
portaszolgalat:PILOT_HU.faq.5.a,faq.5.a,"Igen, ahol erre lehetőség van, a portaszolgálat kapcsolódhat meglévő beléptető rendszerhez, kamerarendszerhez vagy belső üzemeltetési folyamathoz.","Ja, wo dies möglich ist, kann der Pförtnerdienst an vorhandene Zutrittskontroll- oder Kamerasysteme oder an interne Betriebsprozesse angebunden werden.",translated_draft
portaszolgalat:PILOT_HU.faq.6.q,faq.6.q,Hogyan kezelhetők a látogatóadatok a porta- és recepciós folyamatban?,Wie können Besucherdaten im Pforten- und Empfangsprozess verarbeitet werden?,translated_draft
portaszolgalat:PILOT_HU.faq.6.a,faq.6.a,"A látogatóadatok kezelésekor a célhoz kötöttség, az időben korlátozott megőrzés, a látogatói tájékoztatás, a beléptetési kontextus és a helyszín saját szabályai a meghatározók. A pontos adatköröket és megőrzési rendet a megrendelői elvárásokkal és a helyszíni adatkezelési szabályokkal összhangban kell kialakítani.","Bei der Verarbeitung von Besucherdaten sind die Zweckbindung, die zeitlich begrenzte Aufbewahrung, die Information der Besucher, der Zutrittskontext und die standorteigenen Regeln maßgeblich. Die genauen Datenkategorien und die Aufbewahrungsordnung sind im Einklang mit den Anforderungen des Auftraggebers und den Datenschutzregeln des Standorts festzulegen.",legal_review_required
portaszolgalat:PILOT_HU.faq.7.q,faq.7.q,Kapunk-e riportot a napi működésről?,Erhalten wir Berichte über den laufenden Betrieb?,translated_draft
portaszolgalat:PILOT_HU.faq.7.a,faq.7.a,"Igen, a portaszolgálati működéshez szolgálati napló, eseményrögzítés és egyeztetett riportálás kapcsolódhat. A pontos riportformátumot a megrendelői igény és a helyszín működése alapján rögzítjük.","Ja, der Pförtnerbetrieb kann mit Dienstbuch, Ereigniserfassung und abgestimmtem Berichtswesen verbunden werden. Das genaue Berichtsformat legen wir auf Grundlage der Anforderungen des Auftraggebers und des Standortbetriebs fest.",translated_draft
portaszolgalat:hu.serviceDetail.relatedEyebrow,related.eyebrow,MÉG AZ AVENIRTŐL,WEITERES VON AVENIR,translated_draft
portaszolgalat:hu.serviceDetail.relatedTitle,related.title,Kapcsolódó szolgáltatások,Verwandte Leistungen,translated_draft
portaszolgalat:related.0.objektumorzes.nameHu,related.0.title,Élőerős objektumőrzés,Objektschutz vor Ort,translated_draft
portaszolgalat:related.0.objektumorzes.shortDescHu,related.0.description,"Élőerős objektumőrzés beléptetéssel, járőrözéssel, incidenskezeléssel, szolgálati naplóval és egyeztetett eszkalációs renddel.","Objektschutz vor Ort mit Zutrittskontrolle, Kontrollgängen, Vorfallbearbeitung, Dienstbuch und abgestimmter Eskalationsordnung.",translated_draft
portaszolgalat:related.1.biztonsagtechnika.nameHu,related.1.title,Biztonságtechnika,Sicherheitstechnik,translated_draft
portaszolgalat:related.1.biztonsagtechnika.shortDescHu,related.1.description,"Biztonságtechnika kamerarendszerhez, beléptetéshez és riasztási folyamatokhoz, helyszínre szabott biztonsági modellbe illesztve, adatvédelmi szempontokat beépítő technikai tervezéssel.","Sicherheitstechnik für Kamerasysteme, Zutrittskontrolle und Alarmprozesse, eingebettet in ein standortgerechtes Sicherheitsmodell, mit technischer Planung, die Datenschutzaspekte einbezieht.",translated_draft
portaszolgalat:related.2.mystery-shopping-helyszini-audit.nameHu,related.2.title,Próbavásárlás és szolgáltatásaudit,Mystery Shopping und Serviceaudit,translated_draft
portaszolgalat:related.2.mystery-shopping-helyszini-audit.shortDescHu,related.2.description,"Próbavásárlás és szolgáltatásaudit valós ügyfél- és működési helyzetekben, strukturált megfigyeléssel, riportálással és fejlesztési javaslatokkal.","Mystery Shopping und Serviceaudit in realen Kunden- und Betriebssituationen, mit strukturierter Beobachtung, Berichtswesen und Verbesserungsempfehlungen.",translated_draft
portaszolgalat:related.3.soft-fm.nameHu,related.3.title,Soft FM,Soft FM,translated_draft
portaszolgalat:related.3.soft-fm.shortDescHu,related.3.description,"Soft FM takarítási, kertészeti, higiéniai, hulladékkezelési támogatási és szolgáltatókezelési feladatokra, egyeztetett scope-pal, minőségellenőrzéssel és írásos riportálással.","Soft FM für Reinigung, Grünpflege, Hygiene, Unterstützung bei der Abfallentsorgung und Dienstleistersteuerung, mit vereinbartem Leistungsumfang, Qualitätskontrolle und schriftlichem Berichtswesen.",translated_draft
portaszolgalat:serviceDetail.hero.cta,cta.hero,Ajánlatkérés,Angebot anfordern,translated_draft
portaszolgalat:SERVICE_QUOTE_COPY.hu.button,cta.embedded.collapsedButton,Ajánlatkérés,Angebot anfordern,translated_draft
mystery-shopping-helyszini-audit:seoTitleHu,meta.title,Próbavásárlás és szolgáltatásaudit | Avenir,Mystery Shopping und Serviceaudit | Avenir,translated_draft
mystery-shopping-helyszini-audit:seoDescriptionHu,meta.description,"Mystery Shopping, brand audit, próbautazás és szolgáltatásaudit ügyfélélmény, folyamatkövetés és megfelelési szempontok vizsgálatára.","Mystery Shopping, Brand Audit, Testfahrt und Serviceaudit zur Prüfung von Kundenerlebnis, Prozesstreue und Compliance-Aspekten.",translated_draft
mystery-shopping-helyszini-audit:nameHu,hero.h1,Próbavásárlás és szolgáltatásaudit,Mystery Shopping und Serviceaudit,translated_draft
mystery-shopping-helyszini-audit:valuePropositionHu,hero.subhead,"A próbavásárlás és szolgáltatásaudit valós ügyfélhelyzetben mutatja meg, mit tapasztal az ügyfél, követik-e az elvárt folyamatot, teljesülnek-e a brand-, tájékoztatási és szolgáltatási szabályok, és hol jelenik meg minőségi, reputációs vagy megfelelési kockázat.","Mystery Shopping und Serviceaudit zeigen in realen Kundensituationen, was der Kunde erlebt, ob der vorgesehene Prozess eingehalten wird, ob Marken-, Informations- und Servicestandards erfüllt werden und wo Qualitäts-, Reputations- oder Compliance-Risiken sichtbar werden.",translated_draft
mystery-shopping-helyszini-audit:PILOT_HU.longDesc.body.0,body.1,"A Mystery Shopping nem egyszerű ellenőrzés, hanem megtervezett és dokumentált szolgáltatásminőség-mérés. Az Avenir az ügyféllel egyeztetve rögzíti az audit scope-ját, kialakítja a forgatókönyvet és az értékelési szempontokat, betanítja az értékelőt, majd valós ügyfélhelyzetben végzi el a vizsgálatot: vásárlást, ügyintézést, helyszíni látogatást, próbautazást vagy más ügyfélkapcsolati pontot.","Mystery Shopping ist keine einfache Kontrolle, sondern eine geplante und dokumentierte Messung der Servicequalität. Avenir legt in Abstimmung mit dem Auftraggeber den Prüfumfang des Audits fest, entwickelt das Szenario und die Bewertungskriterien, schult den Tester und führt die Prüfung anschließend in einer realen Kundensituation durch: als Testkauf, Geschäftsvorgang, Standortbesuch, Testfahrt oder an einem anderen Kundenkontaktpunkt.",translated_draft
mystery-shopping-helyszini-audit:PILOT_HU.longDesc.body.1,body.2,"A vizsgálat scope-ja rögzíti, milyen szolgáltatási pontokat, folyamatlépéseket, brand standardokat, kommunikációs elvárásokat, tájékoztatási kötelezettségeket vagy megfelelési szempontokat kell vizsgálni. A cél nem az öncélú hibakeresés, hanem az, hogy a vezetés pontos, strukturált képet kapjon a tényleges ügyfélélményről.","Der Prüfumfang legt fest, welche Servicepunkte, Prozessschritte, Markenstandards, Kommunikationsanforderungen, Informationspflichten oder Compliance-Aspekte zu prüfen sind. Ziel ist nicht die Fehlersuche um ihrer selbst willen, sondern dass die Geschäftsleitung ein genaues, strukturiertes Bild vom tatsächlichen Kundenerlebnis erhält.",translated_draft
mystery-shopping-helyszini-audit:PILOT_HU.longDesc.body.2,body.3,"A szolgáltatás több formában is alkalmazható. A Brand Audit az arculati, vizuális, tisztasági, hangulati és szolgáltatási standardokat vizsgálja. A Situation Shopping konkrét ügyfélhelyzeteket, kérdéseket, konfliktusokat vagy folyamatlépéseket tesztel. A szolgáltatásaudit vagy próbautazás pedig egy teljes ügyfélutat vizsgálhat, például személyszállítási, ügyfélszolgálati vagy helyszíni kiszolgálási folyamatban.","Die Leistung ist in mehreren Formen einsetzbar. Das Brand Audit prüft Erscheinungsbild, visuelle Standards, Sauberkeit, Atmosphäre und Servicestandards. Das Situation Shopping testet konkrete Kundensituationen, Fragen, Konflikte oder Prozessschritte. Das Serviceaudit oder die Testfahrt kann eine vollständige Customer Journey untersuchen, etwa in Personenbeförderungs-, Kundenservice- oder Vor-Ort-Bedienprozessen.",translated_draft
mystery-shopping-helyszini-audit:PILOT_HU.longDesc.body.3,body.4,"Az Avenir strukturált riportot készít a megfigyelésekről, visszatérő mintákról, kockázati pontokról és fejlesztési javaslatokról. Az eredményeket az ügyféllel közösen áttekintjük, hogy azok támogassák a szolgáltatásminőséggel, folyamatfejlesztéssel és egyeztetett kontrollpontokkal kapcsolatos döntéseket.","Avenir erstellt einen strukturierten Bericht über Beobachtungen, wiederkehrende Muster, Risikopunkte und Verbesserungsempfehlungen. Die Ergebnisse besprechen wir gemeinsam mit dem Auftraggeber, damit sie Entscheidungen zu Servicequalität, Prozessverbesserung und abgestimmten Kontrollpunkten unterstützen.",translated_draft
mystery-shopping-helyszini-audit:hu.serviceDetail.useCasesEyebrow,useCases.eyebrow,KINEK AJÁNLJUK,EMPFOHLEN FÜR,translated_draft
mystery-shopping-helyszini-audit:hu.serviceDetail.useCasesTitle,useCases.title,Kinek jó,Für wen geeignet,translated_draft
mystery-shopping-helyszini-audit:PILOT_HU.useCases.0,useCases.0,"Próbavásárlás üzletekben, szolgáltatási pontokon vagy ügyfélszolgálati helyzetekben","Testkäufe in Geschäften, an Servicepunkten oder in Kundenservicesituationen",translated_draft
mystery-shopping-helyszini-audit:PILOT_HU.useCases.1,useCases.1,"Próbautazás taxi, személyszállítási vagy közlekedési szolgáltatás esetén","Testfahrten bei Taxi-, Personenbeförderungs- oder Verkehrsdienstleistungen",translated_draft
mystery-shopping-helyszini-audit:PILOT_HU.useCases.2,useCases.2,"Brand Audit: arculat, tisztaság, vizuális megjelenés és szolgáltatási standardok ellenőrzése","Brand Audit: Prüfung von Erscheinungsbild, Sauberkeit, visueller Präsenz und Servicestandards",translated_draft
mystery-shopping-helyszini-audit:PILOT_HU.useCases.3,useCases.3,"Situation Shopping: konkrét ügyfélhelyzetek, kérdések vagy konfliktushelyzetek tesztelése","Situation Shopping: Test konkreter Kundensituationen, Fragen oder Konfliktsituationen",translated_draft
mystery-shopping-helyszini-audit:PILOT_HU.useCases.4,useCases.4,Ügyfélút és látogatói élmény vizsgálata,Untersuchung der Customer Journey und des Besuchererlebnisses,translated_draft
mystery-shopping-helyszini-audit:PILOT_HU.useCases.5,useCases.5,"Tájékoztatási, árkommunikációs, számlázási, nyugtaadási vagy más megfelelési szempontok vizsgálata egyeztetett scope alapján","Prüfung von Informations-, Preiskommunikations-, Rechnungs-, Belegausgabe- oder anderen Compliance-Aspekten nach vereinbartem Prüfumfang",translated_draft
mystery-shopping-helyszini-audit:PILOT_HU.useCases.6,useCases.6,"Több helyszín, szolgáltató vagy egység összehasonlítható auditja","Vergleichbares Audit mehrerer Standorte, Dienstleister oder Einheiten",translated_draft
mystery-shopping-helyszini-audit:hu.serviceDetail.includedEyebrow,included.eyebrow,TARTALOM,LEISTUNGSUMFANG,translated_draft
mystery-shopping-helyszini-audit:hu.serviceDetail.includedTitle,included.title,Mit tartalmaz,Was enthalten ist,translated_draft
mystery-shopping-helyszini-audit:PILOT_HU.includedItems.0,includedItems.0,"Audit cél, scope és értékelési szempontok egyeztetése","Abstimmung von Auditziel, Prüfumfang und Bewertungskriterien",translated_draft
mystery-shopping-helyszini-audit:PILOT_HU.includedItems.1,includedItems.1,"Próbavásárlási, próbautazási vagy ügyfélút-forgatókönyv kialakítása","Entwicklung des Testkauf-, Testfahrt- oder Customer-Journey-Szenarios",translated_draft
mystery-shopping-helyszini-audit:PILOT_HU.includedItems.2,includedItems.2,Brand Audit vagy Situation Shopping módszertan kiválasztása,Auswahl der Methodik: Brand Audit oder Situation Shopping,translated_draft
mystery-shopping-helyszini-audit:PILOT_HU.includedItems.3,includedItems.3,Valós ügyfélhelyzetben történő szolgáltatásminőség-mérés,Messung der Servicequalität in realer Kundensituation,translated_draft
mystery-shopping-helyszini-audit:PILOT_HU.includedItems.4,includedItems.4,"Ügyfélút, kommunikáció, folyamatkövetés és kiszolgálás értékelése","Bewertung von Customer Journey, Kommunikation, Prozesstreue und Bedienung",translated_draft
mystery-shopping-helyszini-audit:PILOT_HU.includedItems.5,includedItems.5,Egyeztetett megfelelési szempontok vizsgálata,Prüfung vereinbarter Compliance-Aspekte,translated_draft
mystery-shopping-helyszini-audit:PILOT_HU.includedItems.6,includedItems.6,"Eltérések, kockázatok és fejlesztési pontok dokumentálása","Dokumentation von Abweichungen, Risiken und Verbesserungspunkten",translated_draft
mystery-shopping-helyszini-audit:PILOT_HU.includedItems.7,includedItems.7,Strukturált riport és vezetői összefoglaló,Strukturierter Bericht und Management-Zusammenfassung,translated_draft
mystery-shopping-helyszini-audit:hu.serviceDetail.processEyebrow,process.eyebrow,FOLYAMAT,ABLAUF,translated_draft
mystery-shopping-helyszini-audit:hu.serviceDetail.processTitle,process.title,Hogyan indul az együttműködés,So startet die Zusammenarbeit,translated_draft
mystery-shopping-helyszini-audit:PILOT_HU.processSteps.0.title,processSteps.0.title,Audit cél és scope egyeztetése,Abstimmung von Auditziel und Prüfumfang,translated_draft
mystery-shopping-helyszini-audit:PILOT_HU.processSteps.0.body,processSteps.0.body,"Rögzítjük, milyen üzleti, szolgáltatásminőségi vagy megfelelési kérdésre kell választ adnia az auditnak, és pontosan milyen folyamatok tartoznak a vizsgálatba.","Wir legen fest, welche geschäftliche, servicequalitäts- oder compliance-bezogene Frage das Audit beantworten soll und welche Prozesse genau Gegenstand der Prüfung sind.",translated_draft
mystery-shopping-helyszini-audit:PILOT_HU.processSteps.1.title,processSteps.1.title,Értékelési szempontok és forgatókönyv kialakítása,Entwicklung der Bewertungskriterien und des Szenarios,translated_draft
mystery-shopping-helyszini-audit:PILOT_HU.processSteps.1.body,processSteps.1.body,"Meghatározzuk a mérési pontokat, a brand standardokat, a kommunikációs és tájékoztatási elvárásokat, valamint a próbavásárlási, próbautazási vagy ügyfélút-forgatókönyvet.","Wir definieren die Messpunkte, die Markenstandards, die Kommunikations- und Informationsanforderungen sowie das Testkauf-, Testfahrt- oder Customer-Journey-Szenario.",translated_draft
mystery-shopping-helyszini-audit:PILOT_HU.processSteps.2.title,processSteps.2.title,"Brand Audit, Situation Shopping, próbavásárlás vagy próbautazás elvégzése","Durchführung von Brand Audit, Situation Shopping, Testkauf oder Testfahrt",translated_draft
mystery-shopping-helyszini-audit:PILOT_HU.processSteps.2.body,processSteps.2.body,"Az audit a jóváhagyott scope szerint, valós ügyfélhelyzetben történik, a szolgáltatási folyamat, az ügyfélélmény és az előre rögzített megfelelési pontok mérésére fókuszálva.","Das Audit erfolgt nach dem freigegebenen Prüfumfang in realer Kundensituation, mit Fokus auf die Messung des Serviceprozesses, des Kundenerlebnisses und der vorab festgelegten Compliance-Punkte.",translated_draft
mystery-shopping-helyszini-audit:PILOT_HU.processSteps.3.title,processSteps.3.title,"Tapasztalatok, eltérések és megfelelési pontok dokumentálása","Dokumentation von Erfahrungen, Abweichungen und Compliance-Punkten",translated_draft
mystery-shopping-helyszini-audit:PILOT_HU.processSteps.3.body,processSteps.3.body,"A tapasztalatokat strukturált módon rögzítjük: mi történt az ügyfélút során, mi felelt meg az elvárt működésnek, hol volt eltérés, és milyen kockázat vagy javítási pont jelent meg.","Die Erfahrungen halten wir strukturiert fest: was während der Customer Journey geschehen ist, was dem erwarteten Ablauf entsprach, wo es Abweichungen gab und welche Risiken oder Verbesserungspunkte sichtbar wurden.",translated_draft
mystery-shopping-helyszini-audit:PILOT_HU.processSteps.4.title,processSteps.4.title,"Riport, vezetői összefoglaló és fejlesztési javaslatok elkészítése","Erstellung von Bericht, Management-Zusammenfassung und Verbesserungsempfehlungen",translated_draft
mystery-shopping-helyszini-audit:PILOT_HU.processSteps.4.body,processSteps.4.body,"Az eredményeket vezetői szinten is áttekinthető riportba rendezzük, amely tartalmazhat megfelelési megállapításokat, visszatérő mintákat és konkrét fejlesztési javaslatokat.","Die Ergebnisse fassen wir in einem auch auf Führungsebene gut lesbaren Bericht zusammen, der Compliance-Feststellungen, wiederkehrende Muster und konkrete Verbesserungsempfehlungen enthalten kann.",translated_draft
mystery-shopping-helyszini-audit:PILOT_HU.processSteps.5.title,processSteps.5.title,Eredmények egyeztetése és következő lépések meghatározása,Besprechung der Ergebnisse und Festlegung der nächsten Schritte,translated_draft
mystery-shopping-helyszini-audit:PILOT_HU.processSteps.5.body,processSteps.5.body,"Az audit eredményeit közösen áttekintjük, hogy a megrendelő dönteni tudjon protokollmódosításról, képzésről, brand standard pontosításról vagy további mérésről.","Die Auditergebnisse besprechen wir gemeinsam, damit der Auftraggeber über Protokollanpassungen, Schulungen, die Präzisierung von Markenstandards oder weitere Messungen entscheiden kann.",translated_draft
mystery-shopping-helyszini-audit:hu.serviceDetail.trustEyebrow,trust.eyebrow,MIÉRT BÍZHAT BENNÜNK,WARUM SIE UNS VERTRAUEN KÖNNEN,translated_draft
mystery-shopping-helyszini-audit:hu.serviceDetail.trustTitle,trust.title,Bizalmi elemek,Vertrauenselemente,translated_draft
mystery-shopping-helyszini-audit:PILOT_HU.trustItems.0.title,trustItems.0.title,Végrehajtás előtt meghatározott scope,Vor der Durchführung festgelegter Prüfumfang,translated_draft
mystery-shopping-helyszini-audit:PILOT_HU.trustItems.0.body,trustItems.0.body,"Az audit célját, forgatókönyvét, szempontjait és riportálási formáját a végrehajtás előtt egyeztetni kell, hogy a megfigyelések a meghatározott szolgáltatásminőségi scope keretein belül maradjanak.","Ziel, Szenario, Kriterien und Berichtsform des Audits sind vor der Durchführung abzustimmen, damit die Beobachtungen innerhalb des festgelegten servicequalitätsbezogenen Prüfumfangs bleiben.",translated_draft
mystery-shopping-helyszini-audit:PILOT_HU.trustItems.1.title,trustItems.1.title,Semleges ügyfélút-megfigyelés,Neutrale Beobachtung der Customer Journey,translated_draft
mystery-shopping-helyszini-audit:PILOT_HU.trustItems.1.body,trustItems.1.body,"A vizsgálat azt rögzíti, hogyan jelennek meg az egyeztetett szolgáltatási lépések, brand elvárások és ügyfélút-pontok valós ügyfélhelyzetben, felügyeleti vagy fegyelmi keretezés nélkül.","Die Prüfung erfasst, wie sich die vereinbarten Serviceschritte, Markenanforderungen und Customer-Journey-Punkte in realen Kundensituationen darstellen — ohne aufsichtsrechtliche oder disziplinarische Rahmung.",translated_draft
mystery-shopping-helyszini-audit:PILOT_HU.trustItems.2.title,trustItems.2.title,Strukturált riport és ügyféloldali egyeztetés,Strukturierter Bericht und Abstimmung mit dem Auftraggeber,translated_draft
mystery-shopping-helyszini-audit:PILOT_HU.trustItems.2.body,trustItems.2.body,"Az Avenir strukturált riportot készít megfigyelésekkel, visszatérő mintákkal, kockázati pontokkal és fejlesztési javaslatokkal, majd a megállapításokat a megrendelővel áttekinti a szolgáltatásminőségi döntések támogatására.","Avenir erstellt einen strukturierten Bericht mit Beobachtungen, wiederkehrenden Mustern, Risikopunkten und Verbesserungsempfehlungen und bespricht die Feststellungen mit dem Auftraggeber zur Unterstützung von Servicequalitätsentscheidungen.",translated_draft
mystery-shopping-helyszini-audit:PILOT_HU.trustItems.3.title,trustItems.3.title,Több helyszín összehasonlítható képe,Vergleichbares Bild mehrerer Standorte,translated_draft
mystery-shopping-helyszini-audit:PILOT_HU.trustItems.3.body,trustItems.3.body,"Ugyanaz a forgatókönyv több helyszínen vagy szolgáltatónál is megismételhető a szolgáltatási konzisztencia, folyamatbeli eltérések és visszatérő fejlesztési pontok összevetésére.","Dasselbe Szenario kann an mehreren Standorten oder bei mehreren Dienstleistern wiederholt werden, um Servicekonsistenz, Prozessabweichungen und wiederkehrende Verbesserungspunkte zu vergleichen.",translated_draft
mystery-shopping-helyszini-audit:PILOT_HU.trustItems.4.title,trustItems.4.title,Célhoz kötött és bizalmas riportálás,Zweckgebundene und vertrauliche Berichterstattung,translated_draft
mystery-shopping-helyszini-audit:PILOT_HU.trustItems.4.body,trustItems.4.body,A riportálás az egyeztetett scope-ra és a kijelölt megrendelői áttekintési folyamatra korlátozódik. Az egyes munkatársakra vonatkozó adatok szerepeltetése nem alapértelmezett jelentési elem; ilyen tartalom csak előzetesen egyeztetett adatvédelmi keretek között jelenhet meg.,Die Berichterstattung beschränkt sich auf den vereinbarten Prüfumfang und den festgelegten Überprüfungsprozess des Auftraggebers. Angaben zu einzelnen Mitarbeitern sind kein standardmäßiger Berichtsbestandteil; solche Inhalte können nur innerhalb vorab vereinbarter Datenschutzrahmen erscheinen.,legal_review_required
mystery-shopping-helyszini-audit:hu.serviceDetail.faqEyebrow,faq.eyebrow,GYAKORI KÉRDÉSEK,HÄUFIGE FRAGEN,translated_draft
mystery-shopping-helyszini-audit:hu.serviceDetail.faqTitle,faq.title,Mit kérdeznek leggyakrabban,Was am häufigsten gefragt wird,translated_draft
mystery-shopping-helyszini-audit:PILOT_HU.faq.0.q,faq.0.q,Mit tartalmaz a Mystery Shopping és szolgáltatásaudit?,Was umfasst Mystery Shopping und Serviceaudit?,translated_draft
mystery-shopping-helyszini-audit:PILOT_HU.faq.0.a,faq.0.a,"A szolgáltatás az audit céljának, scope-jának és értékelési szempontjainak rögzítéséből, a próbavásárlási vagy ügyfélút-forgatókönyv kialakításából, a valós ügyfélhelyzetben történő megfigyelésből és a strukturált riport elkészítéséből áll.","Die Leistung besteht aus der Festlegung von Auditziel, Prüfumfang und Bewertungskriterien, der Entwicklung des Testkauf- oder Customer-Journey-Szenarios, der Beobachtung in realer Kundensituation und der Erstellung eines strukturierten Berichts.",translated_draft
mystery-shopping-helyszini-audit:PILOT_HU.faq.1.q,faq.1.q,"Hogyan határozzuk meg az audit scope-ját, és hogyan tartjuk a vizsgálatot az egyeztetett keretek között?","Wie wird der Prüfumfang festgelegt, und wie bleibt die Prüfung im vereinbarten Rahmen?",translated_draft
mystery-shopping-helyszini-audit:PILOT_HU.faq.1.a,faq.1.a,"Az audit scope-ja a végrehajtás előtt kerül meghatározásra. Az Avenir előre rögzíti a célt, a forgatókönyvet, a vizsgálati szempontokat, a riportálási formát és a megengedett megfigyelési pontokat. A megállapítások az egyeztetett szolgáltatási kritériumokhoz és fejlesztési célokhoz kapcsolódnak, nem jogi következtetésként vagy fegyelmi bizonyítékként jelennek meg.","Der Prüfumfang wird vor der Durchführung festgelegt. Avenir definiert vorab das Ziel, das Szenario, die Prüfkriterien, die Berichtsform und die zulässigen Beobachtungspunkte. Die Feststellungen beziehen sich auf die vereinbarten Servicekriterien und Verbesserungsziele und erscheinen nicht als rechtliche Schlussfolgerung oder disziplinarischer Beweis.",legal_review_required
mystery-shopping-helyszini-audit:PILOT_HU.faq.2.q,faq.2.q,Mi vizsgálható a szolgáltatásaudit során?,Was kann im Rahmen des Serviceaudits geprüft werden?,translated_draft
mystery-shopping-helyszini-audit:PILOT_HU.faq.2.a,faq.2.a,"Az audit vizsgálhat brand audit szempontokat, Situation Shopping forgatókönyveket, ügyfélút-lépéseket, szolgáltatásminőségi kritériumokat, egyeztetett megfelelési pontokat és több helyszín közötti konzisztenciát. Példák lehetnek a kommunikáció, tájékoztatás, kiszolgálás, számlázási vagy nyugtaadási folyamatok, ha ezek az egyeztetett scope részét képezik.","Das Audit kann Brand-Audit-Aspekte, Situation-Shopping-Szenarien, Customer-Journey-Schritte, Servicequalitätskriterien, vereinbarte Compliance-Punkte und die Konsistenz zwischen mehreren Standorten prüfen. Beispiele sind Kommunikation, Information, Bedienung sowie Rechnungs- oder Belegausgabeprozesse, sofern sie Teil des vereinbarten Prüfumfangs sind.",translated_draft
mystery-shopping-helyszini-audit:PILOT_HU.faq.3.q,faq.3.q,Készül riport az eredményekről?,Wird ein Bericht über die Ergebnisse erstellt?,translated_draft
mystery-shopping-helyszini-audit:PILOT_HU.faq.3.a,faq.3.a,"Igen. Avenir strukturált riportot készít a megfigyelt folyamatról, az eltérésekről, visszatérő mintákról, kockázati pontokról és fejlesztési javaslatokról az egyeztetett scope szerint.","Ja. Avenir erstellt einen strukturierten Bericht über den beobachteten Prozess, die Abweichungen, wiederkehrenden Muster, Risikopunkte und Verbesserungsempfehlungen nach dem vereinbarten Prüfumfang.",translated_draft
mystery-shopping-helyszini-audit:PILOT_HU.faq.4.q,faq.4.q,Név szerint szerepelnek a munkatársak a jelentésben?,Werden Mitarbeiter im Bericht namentlich genannt?,translated_draft
mystery-shopping-helyszini-audit:PILOT_HU.faq.4.a,faq.4.a,"A jelentés alapértelmezés szerint folyamat- és szolgáltatásminőségi fókuszú. Név szerinti vagy személyes adatot érintő megjelenítés csak előzetesen egyeztetett keretek között, az alkalmazandó adatvédelmi követelményekkel összhangban történhet.",Der Bericht ist standardmäßig prozess- und servicequalitätsorientiert. Eine namentliche oder personenbezogene Darstellung kann nur innerhalb vorab vereinbarter Rahmen und im Einklang mit den anwendbaren Datenschutzanforderungen erfolgen.,legal_review_required
mystery-shopping-helyszini-audit:PILOT_HU.faq.5.q,faq.5.q,Megismételhető ugyanaz a forgatókönyv több helyszínen?,Kann dasselbe Szenario an mehreren Standorten wiederholt werden?,translated_draft
mystery-shopping-helyszini-audit:PILOT_HU.faq.5.a,faq.5.a,"Igen, egységes forgatókönyv és értékelési szempontok alapján több helyszín, szolgáltató, egység vagy időszak is összehasonlítható. Ez segít az eltérések, visszatérő minták és fejlesztési prioritások azonosításában.","Ja, auf Grundlage eines einheitlichen Szenarios und einheitlicher Bewertungskriterien können mehrere Standorte, Dienstleister, Einheiten oder Zeiträume verglichen werden. Das hilft, Abweichungen, wiederkehrende Muster und Verbesserungsprioritäten zu erkennen.",translated_draft
mystery-shopping-helyszini-audit:PILOT_HU.faq.6.q,faq.6.q,Alkalmazható közlekedési vagy szolgáltatási ügyfélútra?,Ist die Methode auf Verkehrs- oder Service-Customer-Journeys anwendbar?,translated_draft
mystery-shopping-helyszini-audit:PILOT_HU.faq.6.a,faq.6.a,"Igen. Próbautazás vagy szolgáltatási ügyfélút keretében vizsgálható például a tájékoztatás, a kiszolgálás, a számlázási vagy nyugtaadási folyamat, a viselkedési protokoll és az előre meghatározott szolgáltatási vagy megfelelési szempontok teljesülése.","Ja. Im Rahmen einer Testfahrt oder einer Service-Customer-Journey können beispielsweise Information, Bedienung, Rechnungs- oder Belegausgabeprozesse, Verhaltensprotokolle und die Erfüllung vorab festgelegter Service- oder Compliance-Kriterien geprüft werden.",translated_draft
mystery-shopping-helyszini-audit:PILOT_HU.faq.7.q,faq.7.q,Mi a különbség a Mystery Shopping és a magánnyomozás között?,Worin unterscheidet sich Mystery Shopping von einer Privatermittlung?,translated_draft
mystery-shopping-helyszini-audit:PILOT_HU.faq.7.a,faq.7.a,"A Mystery Shopping és szolgáltatásaudit szolgáltatásminőséget, folyamatkövetést, ügyfélutat és egyeztetett megfelelési pontokat mér egy meghatározott scope alapján. Nem magánnyomozás, nem korlátlan megfigyelés, nem bizonyítékgyűjtés és nem fegyelmi automatizmus.","Mystery Shopping und Serviceaudit messen Servicequalität, Prozesstreue, Customer Journey und vereinbarte Compliance-Punkte auf Grundlage eines festgelegten Prüfumfangs. Es handelt sich nicht um Privatermittlung, nicht um unbegrenzte Beobachtung, nicht um Beweiserhebung und nicht um einen disziplinarischen Automatismus.",legal_review_required
mystery-shopping-helyszini-audit:hu.serviceDetail.relatedEyebrow,related.eyebrow,MÉG AZ AVENIRTŐL,WEITERES VON AVENIR,translated_draft
mystery-shopping-helyszini-audit:hu.serviceDetail.relatedTitle,related.title,Kapcsolódó szolgáltatások,Verwandte Leistungen,translated_draft
mystery-shopping-helyszini-audit:related.0.portaszolgalat.nameHu,related.0.title,Recepciós és portaszolgálat,Empfangs- und Pförtnerdienst,translated_draft
mystery-shopping-helyszini-audit:related.0.portaszolgalat.shortDescHu,related.0.description,"Recepciós és portaszolgálat látogatók, beszállítók, munkatársak, kulcsok, csomagok, naplózás és egyeztetett eszkaláció kezelésére.","Empfangs- und Pförtnerdienst für Besucher, Lieferanten, Mitarbeiter, Schlüssel, Pakete, Protokollierung und abgestimmte Eskalation.",translated_draft
mystery-shopping-helyszini-audit:related.1.soft-fm.nameHu,related.1.title,Soft FM,Soft FM,translated_draft
mystery-shopping-helyszini-audit:related.1.soft-fm.shortDescHu,related.1.description,"Soft FM takarítási, kertészeti, higiéniai, hulladékkezelési támogatási és szolgáltatókezelési feladatokra, egyeztetett scope-pal, minőségellenőrzéssel és írásos riportálással.","Soft FM für Reinigung, Grünpflege, Hygiene, Unterstützung bei der Abfallentsorgung und Dienstleistersteuerung, mit vereinbartem Leistungsumfang, Qualitätskontrolle und schriftlichem Berichtswesen.",translated_draft
mystery-shopping-helyszini-audit:related.2.rendezvenybiztositas.nameHu,related.2.title,Rendezvénybiztosítás,Veranstaltungssicherheit,translated_draft
mystery-shopping-helyszini-audit:related.2.rendezvenybiztositas.shortDescHu,related.2.description,"Rendezvénybiztosítás vállalati, zártkörű és nyilvános eseményekre, beléptetéssel, közönségáramlás-támogatással, zónakezeléssel, incidensrögzítéssel és szervezői eszkalációval.","Veranstaltungssicherheit für Firmen-, geschlossene und öffentliche Veranstaltungen, mit Zutrittskontrolle, Unterstützung der Besucherströme, Zonenmanagement, Vorfallerfassung und Eskalation an die Veranstaltungsleitung.",translated_draft
mystery-shopping-helyszini-audit:related.3.objektumorzes.nameHu,related.3.title,Élőerős objektumőrzés,Objektschutz vor Ort,translated_draft
mystery-shopping-helyszini-audit:related.3.objektumorzes.shortDescHu,related.3.description,"Élőerős objektumőrzés beléptetéssel, járőrözéssel, incidenskezeléssel, szolgálati naplóval és egyeztetett eszkalációs renddel.","Objektschutz vor Ort mit Zutrittskontrolle, Kontrollgängen, Vorfallbearbeitung, Dienstbuch und abgestimmter Eskalationsordnung.",translated_draft
mystery-shopping-helyszini-audit:serviceDetail.hero.cta,cta.hero,Ajánlatkérés,Angebot anfordern,translated_draft
mystery-shopping-helyszini-audit:SERVICE_QUOTE_COPY.hu.button,cta.embedded.collapsedButton,Ajánlatkérés,Angebot anfordern,translated_draft
rendezvenybiztositas:seoTitleHu,meta.title,Rendezvénybiztosítás | Avenir,Veranstaltungssicherheit | Avenir,translated_draft
rendezvenybiztositas:seoDescriptionHu,meta.description,"Rendezvénybiztosítás beléptetéssel, vendég- és közönségáramlás támogatásával, zónakezeléssel, incidensjelzéssel és szervezői kapcsolattartással.","Veranstaltungssicherheit mit Zutrittskontrolle, Unterstützung der Gäste- und Besucherströme, Zonenmanagement, Vorfallmeldung und Kontakt zur Veranstaltungsleitung.",translated_draft
rendezvenybiztositas:nameHu,hero.h1,Rendezvénybiztosítás,Veranstaltungssicherheit,translated_draft
rendezvenybiztositas:valuePropositionHu,hero.subhead,"A rendezvénybiztosítás célja, hogy a beléptetés, a vendég- és közönségáramlás, a zónakezelés, a konfliktusmegelőzés és az incidenskezelés vállalati, zártkörű és nyilvános eseményeken is egyeztetett keretben működjön.","Ziel der Veranstaltungssicherheit ist, dass Zutrittskontrolle, Gäste- und Besucherströme, Zonenmanagement, Konfliktprävention und Vorfallbearbeitung bei Firmen-, geschlossenen und öffentlichen Veranstaltungen in einem abgestimmten Rahmen funktionieren.",translated_draft
rendezvenybiztositas:PILOT_HU.longDesc.body.0,body.1,"A rendezvénybiztosítás nem kizárólag vállalati vagy zártkörű eseményekre vonatkozik. A rendezvény jellegétől függően az Avenir támogatja a beléptetést, a vendég- vagy közönségáramlás kezelését, a zárt területek és zónák kezelését, a peremterületek felügyeleti rendjét, a konfliktusmegelőzést, az incidensrögzítést és a szervező által meghatározott eszkalációs folyamatot.","Veranstaltungssicherheit beschränkt sich nicht auf Firmen- oder geschlossene Veranstaltungen. Je nach Charakter der Veranstaltung unterstützt Avenir die Zutrittskontrolle, die Lenkung der Gäste- oder Besucherströme, das Management geschlossener Bereiche und Zonen, die Überwachungsordnung der Randbereiche, die Konfliktprävention, die Vorfallerfassung und den von der Veranstaltungsleitung festgelegten Eskalationsprozess.",translated_draft
rendezvenybiztositas:PILOT_HU.longDesc.body.1,body.2,"A vállalati és zártkörű eseményeknél ide tartozhatnak konferenciák, üzleti találkozók, kiállítások, termékbemutatók, VIP-, backstage- vagy más zárt területek. Nyilvános eseményeknél, fesztiváloknál, koncerteknél, sporteseményeknél és kulturális programoknál a hangsúly a közönségáramlás, a több belépési pont, a zónák és a szervezői kapcsolattartási lánc egyeztetett működésére kerül.","Bei Firmen- und geschlossenen Veranstaltungen können dazu Konferenzen, Geschäftstreffen, Ausstellungen, Produktpräsentationen sowie VIP-, Backstage- oder andere geschlossene Bereiche gehören. Bei öffentlichen Veranstaltungen, Festivals, Konzerten, Sportveranstaltungen und Kulturprogrammen liegt der Schwerpunkt auf dem abgestimmten Zusammenspiel von Besucherströmen, mehreren Zutrittspunkten, Zonen und der Kontaktkette zur Veranstaltungsleitung.",translated_draft
rendezvenybiztositas:PILOT_HU.longDesc.body.2,body.3,"A cél nem az, hogy általános garanciát adjunk minden helyzetre, hanem hogy a rendezvény ideje alatt átlátható biztonsági keret működjön: beléptetés támogatásával, vendég- vagy közönségáramlás kezelésével, konfliktusmegelőző jelenléttel, incidensrögzítéssel, eszkalációs renddel és rendezvényzáró visszajelzéssel.","Ziel ist nicht, eine allgemeine Garantie für jede Situation zu geben, sondern dass während der Veranstaltung ein transparenter Sicherheitsrahmen funktioniert: mit Unterstützung der Zutrittskontrolle, Lenkung der Gäste- oder Besucherströme, konfliktpräventiver Präsenz, Vorfallerfassung, Eskalationsordnung und einer Rückmeldung zum Veranstaltungsabschluss.",translated_draft
rendezvenybiztositas:hu.serviceDetail.useCasesEyebrow,useCases.eyebrow,KINEK AJÁNLJUK,EMPFOHLEN FÜR,translated_draft
rendezvenybiztositas:hu.serviceDetail.useCasesTitle,useCases.title,Kinek jó,Für wen geeignet,translated_draft
rendezvenybiztositas:PILOT_HU.useCases.0,useCases.0,"Vállalati rendezvények, konferenciák és üzleti események","Firmenveranstaltungen, Konferenzen und Geschäftsevents",translated_draft
rendezvenybiztositas:PILOT_HU.useCases.1,useCases.1,"Zártkörű események, termékbemutatók és kiállítások","Geschlossene Veranstaltungen, Produktpräsentationen und Ausstellungen",translated_draft
rendezvenybiztositas:PILOT_HU.useCases.2,useCases.2,Fesztiválok és szabadtéri kulturális rendezvények,Festivals und Open-Air-Kulturveranstaltungen,translated_draft
rendezvenybiztositas:PILOT_HU.useCases.3,useCases.3,Koncertek és beltéri nyilvános előadások,Konzerte und öffentliche Indoor-Veranstaltungen,translated_draft
rendezvenybiztositas:PILOT_HU.useCases.4,useCases.4,Sportesemények és tornák,Sportveranstaltungen und Turniere,translated_draft
rendezvenybiztositas:PILOT_HU.useCases.5,useCases.5,"VIP-, backstage-, zárt vagy kiemelt területekkel rendelkező rendezvények","Veranstaltungen mit VIP-, Backstage-, geschlossenen oder besonders geschützten Bereichen",translated_draft
rendezvenybiztositas:PILOT_HU.useCases.6,useCases.6,"Több belépési ponttal, közönségáramlással vagy szervezői koordinációval járó események","Events mit mehreren Zutrittspunkten, Besucherströmen oder Koordinationsbedarf mit der Veranstaltungsleitung",translated_draft
rendezvenybiztositas:PILOT_HU.useCases.7,useCases.7,Incidensrögzítést és eszkalációs keretet igénylő rendezvények,"Veranstaltungen, die Vorfallerfassung und einen Eskalationsrahmen erfordern",translated_draft
rendezvenybiztositas:hu.serviceDetail.includedEyebrow,included.eyebrow,TARTALOM,LEISTUNGSUMFANG,translated_draft
rendezvenybiztositas:hu.serviceDetail.includedTitle,included.title,Mit tartalmaz,Was enthalten ist,translated_draft
rendezvenybiztositas:PILOT_HU.includedItems.0,includedItems.0,Beléptetés és belépési pontok kezelése,Zutrittskontrolle und Management der Zutrittspunkte,translated_draft
rendezvenybiztositas:PILOT_HU.includedItems.1,includedItems.1,Vendég- és közönségáramlás támogatása,Unterstützung der Gäste- und Besucherströme,translated_draft
rendezvenybiztositas:PILOT_HU.includedItems.2,includedItems.2,"Zónák, peremterületek és zárt területek kezelése","Management von Zonen, Randbereichen und geschlossenen Bereichen",translated_draft
rendezvenybiztositas:PILOT_HU.includedItems.3,includedItems.3,"VIP-, backstage- vagy kiemelt területek támogatása, ha a rendezvény jellege indokolja","Betreuung von VIP-, Backstage- oder besonders geschützten Bereichen, sofern der Veranstaltungscharakter dies erfordert",translated_draft
rendezvenybiztositas:PILOT_HU.includedItems.4,includedItems.4,Konfliktusmegelőzés és incidenseszkaláció,Konfliktprävention und Vorfalleskalation,translated_draft
rendezvenybiztositas:PILOT_HU.includedItems.5,includedItems.5,Incidensrögzítés és rendezvénybiztosítási jelentés,Vorfallerfassung und Bericht zur Veranstaltungssicherheit,translated_draft
rendezvenybiztositas:PILOT_HU.includedItems.6,includedItems.6,Több belépési pont kezelése nyilvános vagy nagyobb létszámú eseményeken,Management mehrerer Zutrittspunkte bei öffentlichen oder größeren Veranstaltungen,translated_draft
rendezvenybiztositas:PILOT_HU.includedItems.7,includedItems.7,Kapcsolattartás a szervező által meghatározott felelősökkel és eszkalációs pontokkal,Kontakt zu den von der Veranstaltungsleitung benannten Verantwortlichen und Eskalationspunkten,translated_draft
rendezvenybiztositas:hu.serviceDetail.processEyebrow,process.eyebrow,FOLYAMAT,ABLAUF,translated_draft
rendezvenybiztositas:hu.serviceDetail.processTitle,process.title,Hogyan indul az együttműködés,So startet die Zusammenarbeit,translated_draft
rendezvenybiztositas:PILOT_HU.processSteps.0.title,processSteps.0.title,Rendezvény scope és helyszíni igények egyeztetése,Abstimmung von Veranstaltungsumfang und Standortbedarf,translated_draft
rendezvenybiztositas:PILOT_HU.processSteps.0.body,processSteps.0.body,"Rögzítjük a rendezvény típusát, időtartamát, várható vendég- vagy közönségáramlását, helyszíni adottságait, zónáit és a szervezői elvárásokat.","Wir erfassen Art und Dauer der Veranstaltung, die erwarteten Gäste- oder Besucherströme, die örtlichen Gegebenheiten, die Zonen und die Erwartungen der Veranstaltungsleitung.",translated_draft
rendezvenybiztositas:PILOT_HU.processSteps.1.title,processSteps.1.title,"Belépési pontok, zónák és szervezői kapcsolattartás feltérképezése","Erfassung von Zutrittspunkten, Zonen und Kontaktwegen zur Veranstaltungsleitung",translated_draft
rendezvenybiztositas:PILOT_HU.processSteps.1.body,processSteps.1.body,"Áttekintjük a beléptetési pontokat, zárt vagy kiemelt területeket, vendég- vagy közönségáramlási irányokat, peremterületeket és a szervezői kapcsolattartási rendet.","Wir prüfen die Zutrittspunkte, geschlossene oder besonders geschützte Bereiche, die Richtungen der Gäste- oder Besucherströme, die Randbereiche und die Kontaktordnung der Veranstaltungsleitung.",translated_draft
rendezvenybiztositas:PILOT_HU.processSteps.2.title,processSteps.2.title,Biztonsági személyzeti és eszkalációs rend kialakítása,Gestaltung der Personal- und Eskalationsordnung,translated_draft
rendezvenybiztositas:PILOT_HU.processSteps.2.body,processSteps.2.body,"A szükséges biztonsági jelenlétet, jogosultsági pontokat, kapcsolattartási láncot és incidensjelzési rendet az esemény scope-ja és szerződéses keretei alapján határozzuk meg.","Die erforderliche Sicherheitspräsenz, die Berechtigungspunkte, die Kontaktkette und die Vorfallmeldeordnung legen wir auf Grundlage des Veranstaltungsumfangs und der vertraglichen Rahmenbedingungen fest.",translated_draft
rendezvenybiztositas:PILOT_HU.processSteps.3.title,processSteps.3.title,"Rendezvény alatti beléptetési, zónakezelési és incidensjelzési támogatás","Unterstützung von Zutrittskontrolle, Zonenmanagement und Vorfallmeldung während der Veranstaltung",translated_draft
rendezvenybiztositas:PILOT_HU.processSteps.3.body,processSteps.3.body,"A rendezvény alatt a biztonsági személyzet a beléptetés, a zónakezelés, a vendég- vagy közönségáramlás és az incidensjelzés egyeztetett rendjét támogatja.","Während der Veranstaltung unterstützt das Sicherheitspersonal die abgestimmte Ordnung von Zutrittskontrolle, Zonenmanagement, Gäste- oder Besucherströmen und Vorfallmeldung.",translated_draft
rendezvenybiztositas:PILOT_HU.processSteps.4.title,processSteps.4.title,"Események, eltérések és beavatkozások dokumentálása","Dokumentation von Ereignissen, Abweichungen und Eingriffen",translated_draft
rendezvenybiztositas:PILOT_HU.processSteps.4.body,processSteps.4.body,"A releváns eseményeket, eltéréseket és beavatkozásokat a megrendelővel egyeztetett dokumentálási szint szerint rögzítjük.","Die relevanten Ereignisse, Abweichungen und Eingriffe erfassen wir nach dem mit dem Auftraggeber abgestimmten Dokumentationsumfang.",translated_draft
rendezvenybiztositas:PILOT_HU.processSteps.5.title,processSteps.5.title,Rendezvényzáró visszajelzés és fejlesztési javaslatok egyeztetése,Abschlussrückmeldung und Abstimmung von Verbesserungsvorschlägen,translated_draft
rendezvenybiztositas:PILOT_HU.processSteps.5.body,processSteps.5.body,"A rendezvényt követően összefoglalható, mi működött jól, hol volt eltérés, és milyen módosítás segítheti a következő esemény működését.","Nach der Veranstaltung lässt sich zusammenfassen, was gut funktioniert hat, wo es Abweichungen gab und welche Anpassungen den Ablauf der nächsten Veranstaltung unterstützen können.",translated_draft
rendezvenybiztositas:hu.serviceDetail.trustEyebrow,trust.eyebrow,MIÉRT BÍZHAT BENNÜNK,WARUM SIE UNS VERTRAUEN KÖNNEN,translated_draft
rendezvenybiztositas:hu.serviceDetail.trustTitle,trust.title,Bizalmi elemek,Vertrauenselemente,translated_draft
rendezvenybiztositas:PILOT_HU.trustItems.0.title,trustItems.0.title,Rendezvényre szabott biztosítási terv,Auf die Veranstaltung zugeschnittenes Sicherheitskonzept,translated_draft
rendezvenybiztositas:PILOT_HU.trustItems.0.body,trustItems.0.body,"A biztonsági jelenlét, a belépési pontok, a zónák, a vendég- vagy közönségáramlás és az eszkalációs útvonalak a rendezvény típusához és az egyeztetett scope-hoz igazodnak.","Sicherheitspräsenz, Zutrittspunkte, Zonen, Gäste- oder Besucherströme und Eskalationswege richten sich nach dem Veranstaltungstyp und dem vereinbarten Umfang.",translated_draft
rendezvenybiztositas:PILOT_HU.trustItems.1.title,trustItems.1.title,Közönségáramlás és belépési pontok kezelése,Management von Besucherströmen und Zutrittspunkten,translated_draft
rendezvenybiztositas:PILOT_HU.trustItems.1.body,trustItems.1.body,"A beléptetés, a vendég- vagy közönségmozgás és a több belépési pont kezelése a rendezvény elrendezéséhez, várható forgalmához és a szervező által meghatározott szabályokhoz igazodik.","Zutrittskontrolle, Gäste- oder Besucherbewegungen und das Management mehrerer Zutrittspunkte richten sich nach dem Veranstaltungslayout, dem erwarteten Aufkommen und den Regeln der Veranstaltungsleitung.",translated_draft
rendezvenybiztositas:PILOT_HU.trustItems.2.title,trustItems.2.title,"Zónák, peremterületek és zárt területek kezelése","Management von Zonen, Randbereichen und geschlossenen Bereichen",translated_draft
rendezvenybiztositas:PILOT_HU.trustItems.2.body,trustItems.2.body,"A VIP-, backstage-, zárt, kiemelt vagy peremterületek kezelése az egyeztetett rendezvénybiztosítási terv és belépési szabályok szerint történik.","VIP-, Backstage-, geschlossene, besonders geschützte oder Randbereiche werden nach dem vereinbarten Sicherheitskonzept und den Zutrittsregeln betreut.",translated_draft
rendezvenybiztositas:PILOT_HU.trustItems.3.title,trustItems.3.title,Incidensrögzítés és szervezői eszkaláció,Vorfallerfassung und Eskalation an die Veranstaltungsleitung,translated_draft
rendezvenybiztositas:PILOT_HU.trustItems.3.body,trustItems.3.body,"Az incidensek, eltérések és eszkalációs igények rögzítése és kezelése a szervező által meghatározott kapcsolattartási és eszkalációs lánc szerint történik.","Vorfälle, Abweichungen und Eskalationsbedarfe werden nach der von der Veranstaltungsleitung festgelegten Kontakt- und Eskalationskette erfasst und bearbeitet.",translated_draft
rendezvenybiztositas:PILOT_HU.trustItems.4.title,trustItems.4.title,Egy kijelölt felelős kapcsolattartási pont,Ein benannter verantwortlicher Kontaktpunkt,translated_draft
rendezvenybiztositas:PILOT_HU.trustItems.4.body,trustItems.4.body,"A szervező kijelölt rendezvénybiztonsági kapcsolattartási pontot kap a koordinációhoz, a jelentéshez és az eseménynapi kommunikációhoz.","Die Veranstaltungsleitung erhält einen benannten Sicherheitskontaktpunkt für Koordination, Berichterstattung und die Kommunikation am Veranstaltungstag.",translated_draft
rendezvenybiztositas:PILOT_HU.trustItems.5.title,trustItems.5.title,Utólagos áttekintés és fejlesztési pontok,Nachbetrachtung und Verbesserungspunkte,translated_draft
rendezvenybiztositas:PILOT_HU.trustItems.5.body,trustItems.5.body,"A rendezvény után az Avenir támogatni tudja az incidensek, visszatérő problémák és fejlesztési pontok áttekintését a jövőbeli rendezvénytervezéshez.","Nach der Veranstaltung kann Avenir die Auswertung von Vorfällen, wiederkehrenden Problemen und Verbesserungspunkten für die künftige Veranstaltungsplanung unterstützen.",translated_draft
rendezvenybiztositas:hu.serviceDetail.faqEyebrow,faq.eyebrow,GYAKORI KÉRDÉSEK,HÄUFIGE FRAGEN,translated_draft
rendezvenybiztositas:hu.serviceDetail.faqTitle,faq.title,Mit kérdeznek leggyakrabban,Was am häufigsten gefragt wird,translated_draft
rendezvenybiztositas:PILOT_HU.faq.0.q,faq.0.q,Miben különbözik a rendezvénybiztosítás az objektumőrzéstől?,Worin unterscheidet sich Veranstaltungssicherheit vom Objektschutz?,translated_draft
rendezvenybiztositas:PILOT_HU.faq.0.a,faq.0.a,"Az objektumőrzés jellemzően állandó vagy hosszabb távú helyszíni működésre épül, míg a rendezvénybiztosítás időben behatárolt, eseményhez igazított szolgáltatás. Itt a vendégáramlás, beléptetés, zónakezelés, szervezői kapcsolattartás és incidensjelzés kerül előtérbe.","Der Objektschutz beruht in der Regel auf einem dauerhaften oder längerfristigen Betrieb vor Ort, während die Veranstaltungssicherheit eine zeitlich begrenzte, auf das Event zugeschnittene Leistung ist. Im Vordergrund stehen Besucherströme, Zutrittskontrolle, Zonenmanagement, der Kontakt zur Veranstaltungsleitung und die Vorfallmeldung.",translated_draft
rendezvenybiztositas:PILOT_HU.faq.1.q,faq.1.q,"Fesztiválokra, koncertekre és sporteseményekre is kérhető rendezvénybiztosítás?","Ist Veranstaltungssicherheit auch für Festivals, Konzerte und Sportveranstaltungen verfügbar?",translated_draft
rendezvenybiztositas:PILOT_HU.faq.1.a,faq.1.a,"Igen. A rendezvénybiztosítás vállalati, zártkörű és nyilvános eseményekre is kialakítható, ideértve a fesztiválokat, koncerteket, sporteseményeket és kulturális programokat. A szolgáltatási keret a rendezvény típusához, a vendég- vagy közönségáramláshoz, a belépési pontokhoz, a zónákhoz, a szervezői kapcsolattartási lánchoz és az incidensrögzítési igényekhez igazodik.","Ja. Veranstaltungssicherheit kann für Firmen-, geschlossene und öffentliche Veranstaltungen gestaltet werden, einschließlich Festivals, Konzerten, Sportveranstaltungen und Kulturprogrammen. Der Leistungsrahmen richtet sich nach Veranstaltungstyp, Gäste- oder Besucherströmen, Zutrittspunkten, Zonen, der Kontaktkette der Veranstaltungsleitung und den Anforderungen an die Vorfallerfassung.",translated_draft
rendezvenybiztositas:PILOT_HU.faq.2.q,faq.2.q,Kezelhető VIP vagy backstage terület?,Können VIP- oder Backstage-Bereiche betreut werden?,translated_draft
rendezvenybiztositas:PILOT_HU.faq.2.a,faq.2.a,"Igen, ha a rendezvény scope-ja ezt tartalmazza, a biztonsági működés kiterjedhet VIP, backstage, zárt vagy kiemelt területek kezelésére is. A jogosultsági pontokat és a belépési szabályokat előre kell rögzíteni.","Ja, wenn der Veranstaltungsumfang dies vorsieht, kann sich der Sicherheitsbetrieb auch auf VIP-, Backstage-, geschlossene oder besonders geschützte Bereiche erstrecken. Die Berechtigungspunkte und Zutrittsregeln sind vorab festzulegen.",translated_draft
rendezvenybiztositas:PILOT_HU.faq.3.q,faq.3.q,Van garantált konfliktusmentes rendezvény?,Gibt es eine Garantie für eine konfliktfreie Veranstaltung?,translated_draft
rendezvenybiztositas:PILOT_HU.faq.3.a,faq.3.a,"Nem ígérhető garantált konfliktusmentesség. A szolgáltatás célja a kockázatok csökkentése, a helyszíni jelenlét, az egyeztetett eszkalációs rend és a szervezőkkel való gyors kapcsolattartás biztosítása.","Eine garantierte Konfliktfreiheit kann nicht zugesagt werden. Ziel der Leistung ist es, Risiken zu verringern sowie Präsenz vor Ort, eine abgestimmte Eskalationsordnung und eine schnelle Abstimmung mit der Veranstaltungsleitung sicherzustellen.",translated_draft
rendezvenybiztositas:PILOT_HU.faq.4.q,faq.4.q,Milyen szerepe van a szervezői kapcsolattartásnak?,Welche Rolle spielt der Kontakt zur Veranstaltungsleitung?,translated_draft
rendezvenybiztositas:PILOT_HU.faq.4.a,faq.4.a,"A rendezvénybiztosítás hatékony működéséhez fontos, hogy legyen kijelölt kapcsolattartó a szervezői oldalon és a biztonsági oldalon is. Így incidens, beléptetési kérdés, zónakezelési probléma vagy vendégáramlási helyzet esetén gyorsabb az egyeztetés.","Für einen wirksamen Ablauf der Veranstaltungssicherheit ist wichtig, dass es sowohl auf Seiten der Veranstaltungsleitung als auch auf der Sicherheitsseite einen benannten Ansprechpartner gibt. So lassen sich Vorfälle, Zutrittsfragen, Zonenprobleme oder Besucherstromsituationen schneller abstimmen.",translated_draft
rendezvenybiztositas:PILOT_HU.faq.5.q,faq.5.q,Készül rendezvényzáró riport?,Wird ein Abschlussbericht zur Veranstaltung erstellt?,translated_draft
rendezvenybiztositas:PILOT_HU.faq.5.a,faq.5.a,"A szolgáltatás része lehet rendezvényzáró visszajelzés vagy riport, amely összefoglalja a főbb eseményeket, eltéréseket, incidenseket és fejlesztési javaslatokat. A riport részletezettségét az együttműködés elején érdemes rögzíteni.","Bestandteil der Leistung kann eine Abschlussrückmeldung oder ein Bericht sein, der die wichtigsten Ereignisse, Abweichungen, Vorfälle und Verbesserungsvorschläge zusammenfasst. Den Detaillierungsgrad des Berichts sollte man zu Beginn der Zusammenarbeit festlegen.",translated_draft
rendezvenybiztositas:PILOT_HU.faq.6.q,faq.6.q,Mikor érdemes előzetes rendezvénybiztosítási bejárást tartani?,Wann ist eine vorbereitende Begehung zur Veranstaltungssicherheit sinnvoll?,translated_draft
rendezvenybiztositas:PILOT_HU.faq.6.a,faq.6.a,"Előzetes bejárás különösen akkor hasznos, ha több belépési pont, VIP, backstage vagy zárt zóna, nagyobb vendégáramlás, külső beszállítói mozgás, szokatlan helyszíni elrendezés, magasabb kockázatú programelem vagy erős szervezői koordinációs igény várható.","Eine vorbereitende Begehung ist besonders dann sinnvoll, wenn mehrere Zutrittspunkte, VIP-, Backstage- oder geschlossene Zonen, größere Besucherströme, externer Lieferverkehr, eine ungewöhnliche Standortanordnung, risikoreichere Programmelemente oder ein hoher Koordinationsbedarf mit der Veranstaltungsleitung zu erwarten sind.",translated_draft
rendezvenybiztositas:PILOT_HU.faq.7.q,faq.7.q,Kapcsolódhat a rendezvénybiztosítás beléptető vagy biztonságtechnikai rendszerhez?,Kann die Veranstaltungssicherheit an Zutritts- oder Sicherheitstechniksysteme angebunden werden?,translated_draft
rendezvenybiztositas:PILOT_HU.faq.7.a,faq.7.a,"Igen, ahol a helyszín ezt lehetővé teszi, a rendezvénybiztosítás kapcsolódhat beléptetési rendszerhez, kamerarendszerhez, zónakezelési vagy más biztonságtechnikai folyamathoz. A pontos működést a helyszín adottságai és a rendezvény scope-ja határozza meg.","Ja, wo der Standort dies zulässt, kann die Veranstaltungssicherheit an Zutrittskontrollsysteme, Kamerasysteme, Zonenmanagement- oder andere sicherheitstechnische Prozesse angebunden werden. Den genauen Ablauf bestimmen die Gegebenheiten des Standorts und der Veranstaltungsumfang.",translated_draft
rendezvenybiztositas:hu.serviceDetail.relatedEyebrow,related.eyebrow,MÉG AZ AVENIRTŐL,WEITERES VON AVENIR,translated_draft
rendezvenybiztositas:hu.serviceDetail.relatedTitle,related.title,Kapcsolódó szolgáltatások,Verwandte Leistungen,translated_draft
rendezvenybiztositas:related.0.objektumorzes.nameHu,related.0.title,Élőerős objektumőrzés,Objektschutz vor Ort,translated_draft
rendezvenybiztositas:related.0.objektumorzes.shortDescHu,related.0.description,"Élőerős objektumőrzés beléptetéssel, járőrözéssel, incidenskezeléssel, szolgálati naplóval és egyeztetett eszkalációs renddel.","Objektschutz vor Ort mit Zutrittskontrolle, Kontrollgängen, Vorfallbearbeitung, Dienstbuch und abgestimmter Eskalationsordnung.",translated_draft
rendezvenybiztositas:related.1.portaszolgalat.nameHu,related.1.title,Recepciós és portaszolgálat,Empfangs- und Pförtnerdienst,translated_draft
rendezvenybiztositas:related.1.portaszolgalat.shortDescHu,related.1.description,"Recepciós és portaszolgálat látogatók, beszállítók, munkatársak, kulcsok, csomagok, naplózás és egyeztetett eszkaláció kezelésére.","Empfangs- und Pförtnerdienst für Besucher, Lieferanten, Mitarbeiter, Schlüssel, Pakete, Protokollierung und abgestimmte Eskalation.",translated_draft
rendezvenybiztositas:related.2.mystery-shopping-helyszini-audit.nameHu,related.2.title,Próbavásárlás és szolgáltatásaudit,Mystery Shopping und Serviceaudit,translated_draft
rendezvenybiztositas:related.2.mystery-shopping-helyszini-audit.shortDescHu,related.2.description,"Próbavásárlás és szolgáltatásaudit valós ügyfél- és működési helyzetekben, strukturált megfigyeléssel, riportálással és fejlesztési javaslatokkal.","Mystery Shopping und Serviceaudit in realen Kunden- und Betriebssituationen, mit strukturierter Beobachtung, Berichtswesen und Verbesserungsempfehlungen.",translated_draft
rendezvenybiztositas:related.3.biztonsagtechnika.nameHu,related.3.title,Biztonságtechnika,Sicherheitstechnik,translated_draft
rendezvenybiztositas:related.3.biztonsagtechnika.shortDescHu,related.3.description,"Biztonságtechnika kamerarendszerhez, beléptetéshez és riasztási folyamatokhoz, helyszínre szabott biztonsági modellbe illesztve, adatvédelmi szempontokat beépítő technikai tervezéssel.","Sicherheitstechnik für Kamerasysteme, Zutrittskontrolle und Alarmprozesse, eingebettet in ein standortgerechtes Sicherheitsmodell, mit technischer Planung, die Datenschutzaspekte einbezieht.",translated_draft
rendezvenybiztositas:serviceDetail.hero.cta,cta.hero,Ajánlatkérés,Angebot anfordern,translated_draft
rendezvenybiztositas:SERVICE_QUOTE_COPY.hu.button,cta.embedded.collapsedButton,Ajánlatkérés,Angebot anfordern,translated_draft
SHARED:hu.serviceDetail,shared.serviceDetail,"{""useCasesEyebrow"":""Kinek ajánljuk"",""useCasesTitle"":""Kinek jó"",""includedEyebrow"":""Tartalom"",""includedTitle"":""Mit tartalmaz"",""processEyebrow"":""Folyamat"",""processTitle"":""Hogyan indul az együttműködés"",""trustEyebrow"":""Miért bízhat bennünk"",""trustTitle"":""Bizalmi elemek"",""faqEyebrow"":""Gyakori kérdések"",""faqTitle"":""Mit kérdeznek leggyakrabban"",""relatedEyebrow"":""Még az Avenirtől"",""relatedTitle"":""Kapcsolódó szolgáltatások""}","{""useCasesEyebrow"":""Empfohlen für"",""useCasesTitle"":""Für wen geeignet"",""includedEyebrow"":""Leistungsumfang"",""includedTitle"":""Was enthalten ist"",""processEyebrow"":""Ablauf"",""processTitle"":""So startet die Zusammenarbeit"",""trustEyebrow"":""Warum Sie uns vertrauen können"",""trustTitle"":""Vertrauenselemente"",""faqEyebrow"":""Häufige Fragen"",""faqTitle"":""Was am häufigsten gefragt wird"",""relatedEyebrow"":""Weiteres von Avenir"",""relatedTitle"":""Verwandte Leistungen""}",translated_draft
SHARED:SERVICE_QUOTE_COPY.hu,shared.serviceQuote,"{""title"":""Ajánlatkérés"",""button"":""Ajánlatkérés"",""close"":""Mégsem"",""name"":""Név"",""email"":""E-mail"",""phone"":""Telefon"",""company"":""Cég (opcionális)"",""message"":""Üzenet"",""messagePlaceholder"":""Írja le röviden, miben segíthetünk."",""send"":""Küldés"",""sending"":""Küldés folyamatban..."",""success"":""Köszönjük, megkaptuk a megkeresést. Munkatársunk a megadott elérhetőségen visszajelez."",""error"":""Hiba történt a küldés során. Kérjük, próbálja újra később, vagy hívjon minket."",""nameRequired"":""Kérjük, adja meg a nevét."",""emailRequired"":""Kérjük, adja meg az e-mail címét."",""emailInvalid"":""Kérjük, érvényes e-mail címet adjon meg.""}","{""title"":""Angebot anfordern"",""button"":""Angebot anfordern"",""close"":""Abbrechen"",""name"":""Name"",""email"":""E-Mail"",""phone"":""Telefon"",""company"":""Firma (optional)"",""message"":""Nachricht"",""messagePlaceholder"":""Beschreiben Sie kurz, wobei wir Sie unterstützen können."",""send"":""Senden"",""sending"":""Wird gesendet..."",""success"":""Vielen Dank, wir haben Ihre Anfrage erhalten. Unser Mitarbeiter meldet sich über die angegebenen Kontaktdaten bei Ihnen."",""error"":""Beim Senden ist ein Fehler aufgetreten. Bitte versuchen Sie es später erneut oder rufen Sie uns an."",""nameRequired"":""Bitte geben Sie Ihren Namen an."",""emailRequired"":""Bitte geben Sie Ihre E-Mail-Adresse an."",""emailInvalid"":""Bitte geben Sie eine gültige E-Mail-Adresse an.""}",translated_draft
